DROP TABLE PEGAWAI CASCADE CONSTRAINTS;
DROP TABLE CABANG CASCADE CONSTRAINTS;
DROP TABLE HJUAL CASCADE CONSTRAINTS;
DROP TABLE DJUAL CASCADE CONSTRAINTS;
DROP TABLE STOKCABANG CASCADE CONSTRAINTS;
DROP TABLE ROTI CASCADE CONSTRAINTS;
DROP TABLE RESEP CASCADE CONSTRAINTS;
DROP TABLE BAHAN CASCADE CONSTRAINTS;
DROP TABLE HPRODUKSI CASCADE CONSTRAINTS;
DROP TABLE DPRODUKSI CASCADE CONSTRAINTS;
DROP TABLE HBELI CASCADE CONSTRAINTS;
DROP TABLE DBELI CASCADE CONSTRAINTS;
DROP TABLE SUPPLIER CASCADE CONSTRAINTS;

--TABEL ROTI
CREATE TABLE ROTI
(KODEROTI   VARCHAR2(5)  NOT NULL PRIMARY KEY,
NAMAROTI    VARCHAR2(30) NOT NULL,
STOKROTI    NUMBER(3),
HARGAROTI   NUMBER(8));

--TABEL BAHAN
CREATE TABLE BAHAN
(KODEBHN    VARCHAR2(5)  PRIMARY KEY,
NAMABHN     VARCHAR2(25) NOT NULL,
STOKBHN     NUMBER(3),
HARGABHN    NUMBER(8));

--TABEL RESEP
CREATE TABLE RESEP
(KODEROTI   VARCHAR2(5),
KODEBHN     VARCHAR2(5),
JUMPERLU    NUMBER(5),
PRIMARY KEY(KODEROTI,KODEBHN));

--TAMBAH FOREIGN KEY RESEP
ALTER TABLE RESEP
ADD CONSTRAINT KD_ROTI FOREIGN KEY(KODEROTI) REFERENCES ROTI(KODEROTI);
ALTER TABLE RESEP
ADD CONSTRAINT KD_BHN  FOREIGN KEY(KODEBHN)  REFERENCES BAHAN(KODEBHN);

--TABEL PEGAWAI
CREATE TABLE PEGAWAI
(KODEPEG    VARCHAR2(10)  PRIMARY KEY,
KODECABANG  VARCHAR2(5),
NAMAPEG     VARCHAR2(30)  NOT NULL,
TGLLAHIRPEG DATE          NOT NULL,
TGLMSKPEG   DATE          NOT NULL,
ALAMATPEG   VARCHAR2(50)  NOT NULL,
NOTELPPEG   VARCHAR2(15)  NOT NULL,
JKELPEG     CHAR(1),
JOBPEG      VARCHAR2(50));

--TABEL CABANG
CREATE TABLE CABANG
(KODECABANG   VARCHAR2(5)   PRIMARY KEY,
NAMACABANG    VARCHAR2(50)  NOT NULL,
ALAMATCABANG  VARCHAR2(50)  NOT NULL,
TELPCABANG    VARCHAR2(15)  NOT NULL);

--TAMBAH FOREIGN KEY PEGAWAI
ALTER TABLE PEGAWAI
ADD CONSTRAINT KD_CAB FOREIGN KEY(KODECABANG) REFERENCES CABANG(KODECABANG);

--TABEL HJUAL
CREATE TABLE HJUAL
(NONOTAJUAL  VARCHAR2(10) PRIMARY KEY,
KODECABANG   VARCHAR2(5),
KODEPEG      VARCHAR(10),
TGLJUAL      DATE         NOT NULL,
TOTALJUAL    NUMBER(8)    NOT NULL);

--TAMBAH FOREIGN KEY HJUAL
ALTER TABLE HJUAL
ADD CONSTRAINT KD_CABANG FOREIGN KEY(KODECABANG) REFERENCES CABANG(KODECABANG);
ALTER TABLE HJUAL
ADD CONSTRAINT KD_PEG    FOREIGN KEY(KODEPEG) REFERENCES PEGAWAI(KODEPEG);

--TABEL DJUAL
CREATE TABLE DJUAL
(NONOTAJUAL   VARCHAR2(10),
KODEROTI      VARCHAR2(5),
JUMJUAL       NUMBER(4)    NOT NULL,
HARGAJUAL     NUMBER(8)    NOT NULL,
PRIMARY KEY(NONOTAJUAL,KODEROTI));

--TAMBAH FOREIGN KEY DJUAL
ALTER TABLE DJUAL
ADD CONSTRAINT NNOJUAL  FOREIGN KEY(NONOTAJUAL) REFERENCES HJUAL(NONOTAJUAL);
ALTER TABLE DJUAL
ADD CONSTRAINT KD_ROTI1  FOREIGN KEY(KODEROTI) REFERENCES ROTI(KODEROTI);

--TABEL STOKCABANG
CREATE TABLE STOKCABANG
(KODECABANG   VARCHAR2(5),
TGLSTOKCAB    DATE,
KODEROTI      VARCHAR2(5),
JUMTERIMA     NUMBER(5),
JUMTERJUAL    NUMBER(5),
PRIMARY KEY(KODECABANG,TGLSTOKCAB));

--TAMBAH FOREIGN KEY STOKCABANG
ALTER TABLE STOKCABANG
ADD CONSTRAINT KD_CAB1 FOREIGN KEY(KODECABANG) REFERENCES CABANG(KODECABANG);
ALTER TABLE STOKCABANG
ADD CONSTRAINT KD_ROTI2 FOREIGN KEY(KODEROTI) REFERENCES ROTI(KODEROTI);

--TABEL HPRODUKSI
CREATE TABLE HPRODUKSI
(NONOTAPROD   VARCHAR2(5)   PRIMARY KEY,
TGLPROD       DATE          NOT NULL,
BIAYAPROD     NUMBER(8)     NOT NULL,
TOTALTERIMA   NUMBER(8)     NOT NULL);

--TABEL DPRODUKSI
CREATE TABLE DPRODUKSI
(NONOTAPROD   VARCHAR2(5),
KODEROTI      VARCHAR2(5),
JUMPROD       NUMBER(5),
PRIMARY KEY(NONOTAPROD,KODEROTI));

--TAMBAH FOREIGN KEY DPRODUKSI
ALTER TABLE DPRODUKSI
ADD CONSTRAINT NNOTAPROD FOREIGN KEY(NONOTAPROD) REFERENCES HPRODUKSI(NONOTAPROD);
ALTER TABLE DPRODUKSI
ADD CONSTRAINT KD_ROTI3   FOREIGN KEY(KODEROTI)   REFERENCES ROTI(KODEROTI);

--TABEL HBELI
CREATE TABLE HBELI
(NONOTABELI   VARCHAR2(10)  PRIMARY KEY,
KODESUP       VARCHAR2(5),
TGLBELI       DATE          NOT NULL,
TOTALBELI     NUMBER        NOT NULL);

--TABEL SUPPLIER
CREATE TABLE SUPPLIER
(KODESUP    VARCHAR2(5)     PRIMARY KEY,
NAMASUP     VARCHAR2(30)    NOT NULL,
ALAMATSUP   VARCHAR2(50)    NOT NULL,
CPSUP       VARCHAR2(30)    NOT NULL,
NOTELPSUP   VARCHAR2(15)    NOT NULL);

--TAMBAH FOREIGN KEY HBELI
ALTER TABLE HBELI
ADD CONSTRAINT KDSUP FOREIGN KEY(KODESUP) REFERENCES SUPPLIER(KODESUP);

--TABEL DBELI
CREATE TABLE DBELI
(KODEBHN      VARCHAR2(5),
NONOTABELI    VARCHAR2(10),
JUMBELI       NUMBER(4)     NOT NULL,
HARGABELI     NUMBER(8)     NOT NULL,
PRIMARY KEY(KODEBHN,NONOTABELI));

--TAMBAH FOREIGN KEY DBELI
ALTER TABLE DBELI
ADD CONSTRAINT KDBHN  FOREIGN KEY(KODEBHN)  REFERENCES  BAHAN(KODEBHN);
ALTER TABLE DBELI
ADD CONSTRAINT NNOTABELI  FOREIGN KEY(NONOTABELI) REFERENCES HBELI(NONOTABELI);

------------------------------------------------------------------------------------
---------------------------------DATA-----------------------------------------------
------------------------------------------------------------------------------------

--DATA ROTI
INSERT INTO ROTI VALUES(0,'ROTI TAWAR KUPAS', 16, 12000);
INSERT INTO ROTI VALUES(1,'ROTI TAWAR BIASA', 7, 12000);
INSERT INTO ROTI VALUES(2,'ROTI GANDUM KUPAS', 6, 10000);
INSERT INTO ROTI VALUES(3,'ROTI GANDUM BIASA', 21, 10000);
INSERT INTO ROTI VALUES(4,'ROTI BAGEL', 24, 5500);
INSERT INTO ROTI VALUES(5,'ROTI PRANCIS', 5, 8000);
INSERT INTO ROTI VALUES(6,'PARATTA', 15, 6000);
INSERT INTO ROTI VALUES(7,'TORTILLA', 25, 6500);
INSERT INTO ROTI VALUES(8,'SANDWICH TUNA', 21, 7500);
INSERT INTO ROTI VALUES(9,'SANDWICH TELUR', 16, 6500);
INSERT INTO ROTI VALUES(10,'ROTI COKLAT / KEJU', 24, 6000);
INSERT INTO ROTI VALUES(11,'DONAT ISI / COKLAT', 18, 5000);
INSERT INTO ROTI VALUES(12,'PIE SUSU', 8, 7500);
INSERT INTO ROTI VALUES(13,'PIE APEL', 5, 7500);
INSERT INTO ROTI VALUES(14,'APPLE TURNOVER', 24, 7000);
INSERT INTO ROTI VALUES(15,'PALMIERS', 23, 3000);
INSERT INTO ROTI VALUES(16,'SAUSAGE BROOD', 6, 8000);
INSERT INTO ROTI VALUES(17,'CARNAL', 19, 8500);
INSERT INTO ROTI VALUES(18,'CROISSANT COKLAT / KEJU', 14, 7500);
INSERT INTO ROTI VALUES(19,'CINNAMON ROLL', 12, 6500);
INSERT INTO ROTI VALUES(20,'DANISH APPLE / RAISIN', 16, 5500);
INSERT INTO ROTI VALUES(21,'PUDDING ROTI', 18, 6000);
INSERT INTO ROTI VALUES(22,'PUDDING COKLAT / ALMOND', 8, 6000);
INSERT INTO ROTI VALUES(23,'SPONGE TAART 25 CM', 18, 125000);
INSERT INTO ROTI VALUES(24,'SPONGE TAART 40 CM', 14, 250000);
INSERT INTO ROTI VALUES(25,'TAART 25 CM', 18, 150000);
INSERT INTO ROTI VALUES(26,'TAART 40 CM', 14, 275000);
INSERT INTO ROTI VALUES(27,'BLACKFOREST', 9, 150000);
INSERT INTO ROTI VALUES(28,'OPERA', 25, 125000);
INSERT INTO ROTI VALUES(29,'TIRAMISU', 10, 130000);
INSERT INTO ROTI VALUES(30,'CAKE PER SLICE', 9, 8000);
INSERT INTO ROTI VALUES(31,'CHOCO CHIP COOKIES L', 6, 7000);
INSERT INTO ROTI VALUES(32,'CHOCO CHIP COOKIES S', 14, 5000);
INSERT INTO ROTI VALUES(33,'ALMOND COOKIES', 24, 5000);
INSERT INTO ROTI VALUES(34,'CASTANGELS', 13, 12500);
INSERT INTO ROTI VALUES(35,'CHEESE CRACKERS', 20, 9000);
INSERT INTO ROTI VALUES(36,'RICE CRACKERS', 12, 4000);
INSERT INTO ROTI VALUES(37,'NASTAR', 15, 12000);
INSERT INTO ROTI VALUES(38,'ALMOND PASTRY',12,9000);
INSERT INTO ROTI VALUES(39,'ALMOND TUILE',10,40000);
INSERT INTO ROTI VALUES(40,'BANANA CHOCOLATE',5,10000);
INSERT INTO ROTI VALUES(41,'BANANA MUFFIN',12,9000);
INSERT INTO ROTI VALUES(42,'BANANA ROLL',15,32000);
INSERT INTO ROTI VALUES(43,'BLUEBERRY CHEESECAKE',5,203000);
INSERT INTO ROTI VALUES(44,'BLUEBERRY POLO BUN',13,13000);
INSERT INTO ROTI VALUES(45,'BOLU GULUNG LEMON',4,75000);
INSERT INTO ROTI VALUES(46,'BOLU GULUNG MOCCA',4,75000);
INSERT INTO ROTI VALUES(47,'BOLU GULUNG STRAWBERRY',6,75000);
INSERT INTO ROTI VALUES(48,'BROWNIES KEJU KUKUS',5,73000);
INSERT INTO ROTI VALUES(49,'CHEESE FINGER',20,7500);
INSERT INTO ROTI VALUES(50,'CHEESE JOHN',15,11000);

--DATA BAHAN
INSERT INTO BAHAN VALUES('A01','ALMOND',11,700);
INSERT INTO BAHAN VALUES('A02','APEL',15,500);
INSERT INTO BAHAN VALUES('B01','BEEF',10,1200);
INSERT INTO BAHAN VALUES('B02','BERAS',7,900);
INSERT INTO BAHAN VALUES('C01','COKLAT',6,1100);
INSERT INTO BAHAN VALUES('G01','GARAM',6,750);
INSERT INTO BAHAN VALUES('G02','GULA',7,1000);
INSERT INTO BAHAN VALUES('K01','KARAMEL',6,1500);
INSERT INTO BAHAN VALUES('K02','KAYU MANIS',7,1750);
INSERT INTO BAHAN VALUES('K03','KEJU',4,2500);
INSERT INTO BAHAN VALUES('K04','KISMIS',10,2250);
INSERT INTO BAHAN VALUES('K05','KOPI',13,2800);
INSERT INTO BAHAN VALUES('K06','KRIM KEJU',11,3000);
INSERT INTO BAHAN VALUES('K07','KRIM PUTIH',11,2750);
INSERT INTO BAHAN VALUES('K08','KUNING TELUR',5,200);
INSERT INTO BAHAN VALUES('M01','MENTEGA',12,2000);
INSERT INTO BAHAN VALUES('P01','PEWARNA BIRU',8,1000);
INSERT INTO BAHAN VALUES('P02','PEWARNA KUNING',15,1000);
INSERT INTO BAHAN VALUES('P03','PEWARNA MERAH',8,100);
INSERT INTO BAHAN VALUES('P04','PUDING TANPA RASA',11,500);
INSERT INTO BAHAN VALUES('S01','SELAI APEL',7,1500);
INSERT INTO BAHAN VALUES('S02','SELAI NANAS',9,1500);
INSERT INTO BAHAN VALUES('S03','SELAI STRAWBERRY',6,1500);
INSERT INTO BAHAN VALUES('S04','SUSU',10,300);
INSERT INTO BAHAN VALUES('T01','TELUR',10,230);
INSERT INTO BAHAN VALUES('T02','TEPUNG TERIGU',14,1000);
INSERT INTO BAHAN VALUES('T03','TEPUNG GANDUM',25,1500);
INSERT INTO BAHAN VALUES('T04','TUNA',11,2000);
INSERT INTO BAHAN VALUES('V01','VANILLA',12,1500);
INSERT INTO BAHAN VALUES('B03','BAKING SODA',10,1000);
INSERT INTO BAHAN VALUES('B04','BAKING POWDER',11,1000);
INSERT INTO BAHAN VALUES('R01','RAGI',10,500);
INSERT INTO BAHAN VALUES('T05','TEPUNG MAIZENA',20,1500);
INSERT INTO BAHAN VALUES('M02','MEISES COKLAT',10,300);
INSERT INTO BAHAN VALUES('M03','MEISES STRAWBERRY',10,300);
INSERT INTO BAHAN VALUES('G03','GULA KASTOR',11,500);
INSERT INTO BAHAN VALUES('I01','ICING',10,700);
INSERT INTO BAHAN VALUES('A03','ABON SAPI',20,1500);
INSERT INTO BAHAN VALUES('A04','ABON AYAM',10,300);
INSERT INTO BAHAN VALUES('P05','PEPPERONI',10,300);
INSERT INTO BAHAN VALUES('S05','SOSIS AYAM',11,500);
INSERT INTO BAHAN VALUES('S06','SOSIS SAPI',10,700);
INSERT INTO BAHAN VALUES('M04','MUSTARD',10,300);
INSERT INTO BAHAN VALUES('M05','MAYONAISE',11,500);
INSERT INTO BAHAN VALUES('S07','SAUS TOMAT',10,700);
INSERT INTO BAHAN VALUES('S08','SAUS SAMBAL',20,1500);
INSERT INTO BAHAN VALUES('D04','DAUN BASIL',10,300);
INSERT INTO BAHAN VALUES('B05','BAWANG PUTIH',10,300);
INSERT INTO BAHAN VALUES('D05','DAUN PARSLEY',11,500);
INSERT INTO BAHAN VALUES('B06','BAWANG BOMBAY',10,700);

--DATA SUPPLIER
INSERT INTO SUPPLIER VALUES('SP001','PT. MAJU MUNDUR','RUNGKUT INDUSTRI 73-77','NANIK','0315541177');
INSERT INTO SUPPLIER VALUES('SP002','PT. CERIA SELALU','MAWAR SELATAN 90','MELATI','0315478062');
INSERT INTO SUPPLIER VALUES('SP003','PT. CENAT CENUT','JENDRAL MORGAN 30','PUTRI','0315763963');
INSERT INTO SUPPLIER VALUES('SP004','PT. KANAN KIRI','KAPTEN HOOK 27','PETER','0315905858');
INSERT INTO SUPPLIER VALUES('SP005','PT. PANCEN OYE','KURA KURA UTARA 180','PAUL','0315673843');
INSERT INTO SUPPLIER VALUES('SP006','PT. ATAS BAWAH OKE','LENGKENG MANIS 370','IVY','0315703163');
INSERT INTO SUPPLIER VALUES('SP007','PT. SANTAI AJA','KEPUTIH TEGAL TIMUR 169','FARANDY','0315621844');
INSERT INTO SUPPLIER VALUES('SP008','PT. SUKSES TERUS','MANYAR KERTOARJO 44','MARCEL','0315118521');
INSERT INTO SUPPLIER VALUES('SP009','PT. BOGATIRTA','SUTOREJO TENGAH 18','ALVIN','0313525789');
INSERT INTO SUPPLIER VALUES('SP010','PT. BOGA SUKSES','SUTEREJO SELATAN','ADI','0318853669');
INSERT INTO SUPPLIER VALUES('SP011','PT. BIBIT SEJAHTERA','KLAMPIS RAYA 1','ADE','0319976545');
INSERT INTO SUPPLIER VALUES('SP012','PT. BOGATARA MAKMOR','SUTOREJO TENGAH 37','ALVINA','0313525631');
INSERT INTO SUPPLIER VALUES('SP013','PT. TUNAS MUDA','SUTEREJO SELATAN','ADI','0318853669');
INSERT INTO SUPPLIER VALUES('SP014','PT. BIBIT BANGSA','KLAMPIS RAYA 1','ADE','0319976545');
INSERT INTO SUPPLIER VALUES('SP015','PT. TUNAS SEJAHTERA','SUTOREJO TENGAH 18','ALVIN','0313525789');
INSERT INTO SUPPLIER VALUES('SP016','PT. TUNAS KARTIKA','KLAMPIS UTARA 7','ADIN','0318853459');
INSERT INTO SUPPLIER VALUES('SP017','PT. TUNAS SUTERA','KLAMPIS RAYA 19','ADEN','0319976989');
INSERT INTO SUPPLIER VALUES('SP018','PT. TUNAS MELATI','SUTOREJO TENGAH 21','LEVINA','0313535631');
INSERT INTO SUPPLIER VALUES('SP019','PT. SEJAHTERA MAKMUR','SUTEREJO SELATAN','ADI','0318853669');
INSERT INTO SUPPLIER VALUES('SP020','PT. INDAHSARI SENTOSA','KLAMPIS RAYA 1','ADE','0319976545');
INSERT INTO SUPPLIER VALUES('SP021','PT. JAYA MAKMUR','SUTOREJO TENGAH 18','ALDI','0313345789');
INSERT INTO SUPPLIER VALUES('SP022','PT. TUNAS KARTIKA','KLAMPIS UTARA 3','ALDINE','0316453459');
INSERT INTO SUPPLIER VALUES('SP023','PT. KERTA INDAH SARI','KLAMPIS RAYA 98','ALDINATA','0317876995');


--DATA CABANG
INSERT INTO CABANG VALUES('C001','KLAMPIS','Jalan Klampis Semolo II',0314582676);
INSERT INTO CABANG VALUES('C002','SUTOREJO','Jalan Suterejo Selatan No. 6',0318883242);
INSERT INTO CABANG VALUES('C003','MANYAR','Jalan Manyar Selatan V',0319926862);
INSERT INTO CABANG VALUES('C004','PASARTURI','Jalan Semarang No. 115',0318992308);
INSERT INTO CABANG VALUES('C005','KERTAJAYA','Jalan Kertajaya Indah VI/7',0314223902);
INSERT INTO CABANG VALUES('C006','KERTOARJO','Jalan Kertoarjo II',0314652676);
INSERT INTO CABANG VALUES('C007','KEPUTIH','Jalan Keputih Tegal No. 6',0316383242);
INSERT INTO CABANG VALUES('C008','GEBANG','Jalan Gebang Timur V',0316626862);
INSERT INTO CABANG VALUES('C009','MERR','Jalan Ir. Soekarno No. 117',0316592308);
INSERT INTO CABANG VALUES('C010','MULYOSARI','Jalan Mulyosari Indah No. 134',0316923902);
INSERT INTO CABANG VALUES('C011','MULYOREJO','Jalan Mulyorejo Timur 34',0314587976);
INSERT INTO CABANG VALUES('C012','KAPASAN','Jalan Kapasan Selatan No. 4',0317783242);
INSERT INTO CABANG VALUES('C013','KENJERAN','Jalan Kenjeran Selatan VI',0317626862);
INSERT INTO CABANG VALUES('C014','KALIJUDAN','Jalan Kalijudan Utara No. 115',0318949308);
INSERT INTO CABANG VALUES('C015','MADURA','Jalan Madura VI/7',0314794902);
INSERT INTO CABANG VALUES('C016','RUNGKUT','Jalan Rungkut Indah No. 32',0314579676);
INSERT INTO CABANG VALUES('C017','MENUR','Jalan Menur Pumpungan No. 2',0315483242);
INSERT INTO CABANG VALUES('C018','SEMOLOWARU','Jalan Semolowaru Jaya V',0319796862);
INSERT INTO CABANG VALUES('C019','WONOREJO','Jalan Wonorejo Timur No. 155',0319792308);
INSERT INTO CABANG VALUES('C020','PENJARINGAN','Jalan Penjaringan Indah VI/19',0314443902);
INSERT INTO CABANG VALUES('C021','KEDUNG','Jalan Kedung Baruk II',0314972676);
INSERT INTO CABANG VALUES('C022','MEDOKAN','Jalan Medokan Ayu No. 9',0319783242);
INSERT INTO CABANG VALUES('C023','KALISARI','Jalan Kalisari Selatan V',0319955862);
INSERT INTO CABANG VALUES('C024','KALIJUDAN','Jalan Kalijudan Utara No. 105',0318952308);
INSERT INTO CABANG VALUES('C025','GUNUNG ANYAR','Jalan Gunung Anyar Indah VII/4',0314223742);
INSERT INTO CABANG VALUES('C026','TAMBAKSARI','Jalan Tambak Sari Barat No. 13',0314332676);
INSERT INTO CABANG VALUES('C027','GADING','Jalan Gading Indah No. 6',0318887742);
INSERT INTO CABANG VALUES('C028','PASAR ATOM','Jalan Pasar Atom Selatan VI',0317726862);
INSERT INTO CABANG VALUES('C029','GUBENG','Jalan Gubeng Permai No. 75',0315492308);
INSERT INTO CABANG VALUES('C030','PLOSO','Jalan Ploso Indah VI/15',0314133902);
INSERT INTO CABANG VALUES('C031','GENTENG','Jalan Genteng Selatan No. 4',0317789942);
INSERT INTO CABANG VALUES('C032','EMBONG','Jalan Embong Kaliasin Selatan VI',0316226862);
INSERT INTO CABANG VALUES('C033','KAPASARI','Jalan Kapasari Utara No. 125',0310071308);
INSERT INTO CABANG VALUES('C034','KETABANG','Jalan Ketabang VI/7',0314004902);
INSERT INTO CABANG VALUES('C035','PENELEH','Jalan Peneleh Indah No. 31',0339279676);
INSERT INTO CABANG VALUES('C036','BUBUTAN','Jalan Bubutan Permai No. 23',0310083242);
INSERT INTO CABANG VALUES('C037','CONTONG','Jalan Alun-alun Contong No.7',0313396862);
INSERT INTO CABANG VALUES('C038','GUNDIH','Jalan Gundih Timur No. 155',03119992308);
INSERT INTO CABANG VALUES('C039','JEPARA','Jalan Jepara Indah VI/19',0314033902);
INSERT INTO CABANG VALUES('C040','DUDUH','Jalan Tembok Duduh II',0314001676);
INSERT INTO CABANG VALUES('C041','SIMOKERTO','Jalan Simokerto Ayu No. 91',0319353242);
INSERT INTO CABANG VALUES('C042','SIDODADI','Jalan Sidodadi Selatan V',0319900862);
INSERT INTO CABANG VALUES('C043','SIMOLAWANG','Jalan Simolawang Utara No. 175',0318002308);
INSERT INTO CABANG VALUES('C044','Tambakrejo','Jalan Tambak Anyar Indah VII/4',0313623742);
INSERT INTO CABANG VALUES('C045','TAMBAKSARI','Jalan Tambak Sari Barat No. 13',0314332676);
INSERT INTO CABANG VALUES('C046','TEGALSARI','Jalan Tegalsari Permai No. 6',0318880042);
INSERT INTO CABANG VALUES('C047','KEDUNGDORO','Jalan Kedung Selatan VI',0317721162);
INSERT INTO CABANG VALUES('C048','GAYUNGAN','Jalan Gayungan Permai No. 85',0315302308);
INSERT INTO CABANG VALUES('C049','WIYUNG','Jalan Wiyung Indah VI/15',0314104112);
INSERT INTO CABANG VALUES('C050','PAKIS','Jalan Pakis VI/35',0314106612);

--DATA PEGAWAI
	    
INSERT INTO PEGAWAI VALUES('LC01','C001','LYLY',to_date('07/06/1990','dd/mm/yyyy'),to_date('06/04/2009','dd/mm/yyyy'),'GUBENG POJOK 21','0318441575','P','CHEF');
INSERT INTO PEGAWAI VALUES('RK01','C001','REIKA',to_date('11/10/1989','dd/mm/yyyy'),to_date('01/09/2010','dd/mm/yyyy'),'MANYAR 34','0318442769','P','KASIR');
INSERT INTO PEGAWAI VALUES('AK01','C002','ANASTASIA',to_date('22/08/1989','dd/mm/yyyy'),to_date('06/04/2009','dd/mm/yyyy'),'ARAYA 21','0318672718','P','KASIR');
INSERT INTO PEGAWAI VALUES('HC01','C001','HANNA',to_date('04/04/1990','dd/mm/yyyy'),to_date('06/06/2009','dd/mm/yyyy'),'GRAHA FAMILY 76','0318444408','P','CHEF');
INSERT INTO PEGAWAI VALUES('LA01','C001','LISA',to_date('30/11/1988','dd/mm/yyyy'),to_date('06/04/2009','dd/mm/yyyy'),'NGAGEL JAYA TENGAH 88','0318538452','P','ADMINISTRASI');
INSERT INTO PEGAWAI VALUES('MA01','C002','MERRY',to_date('01/12/1991','dd/mm/yyyy'),to_date('10/12/2009','dd/mm/yyyy'),'NANAS V/45','0318699882','P','ADMINISTRASI');
INSERT INTO PEGAWAI VALUES('SK01','C003','SMITH',to_date('20/02/1988','dd/mm/yyyy'),to_date('10/12/2009','dd/mm/yyyy'),'DURIAN II/34','0318652528','L','KASIR');
INSERT INTO PEGAWAI VALUES('JC01','C003','JONES',to_date('28/08/1992','dd/mm/yyyy'),to_date('11/02/2011','dd/mm/yyyy'),'RAMBUTAN III/88','0318670427','L','CHEF');
INSERT INTO PEGAWAI VALUES('DC01','C003','DAVE',to_date('01/05/1992','dd/mm/yyyy'),to_date('23/06/2010','dd/mm/yyyy'),'RUNGKUT TIMUR 7','0318549940','L','CHEF');
INSERT INTO PEGAWAI VALUES('BC01','C002','BERRY',to_date('04/03/1990','dd/mm/yyyy'),to_date('20/04/2010','dd/mm/yyyy'),'JEMUR SARI INDAH 9','0318650190','L','CHEF');
INSERT INTO PEGAWAI VALUES('BK01','C003','BOBBY',to_date('04/07/1988','dd/mm/yyyy'),to_date('30/09/2010','dd/mm/yyyy'),'MULYOSARI TENGAH 3','0318650635','L','KASIR');
INSERT INTO PEGAWAI VALUES('LS01','C003','LIZZY',to_date('08/08/1988','dd/mm/yyyy'),to_date('15/04/2009','dd/mm/yyyy'),'BRATANG GEDE 55','0318657742','P','SUPERIOR');
--CHEF
insert into PEGAWAI values ('MC01', 'C001', 'Minnnie', TO_DATE('23/04/1989','DD/MM/YYYY'), TO_DATE('11/08/2011','DD/MM/YYYY'), 'Ngagel Indah Rungkut', '0317728159', 'F', 'CHEF');
insert into PEGAWAI values ('AC01', 'C002', 'Ave', TO_DATE('30/03/1989','DD/MM/YYYY'), TO_DATE('18/09/2011','DD/MM/YYYY'), 'Ngagel Jaya 1', '0315192660', 'M', 'CHEF');
insert into PEGAWAI values ('TC01', 'C003', 'Terri', TO_DATE('23/08/1988','DD/MM/YYYY'), TO_DATE('09/04/2009','DD/MM/YYYY'), 'Ngagel Jaya 2', '0312701784', 'M', 'CHEF');
insert into PEGAWAI values ('DC02', 'C004', 'Dore', TO_DATE('21/09/1989','DD/MM/YYYY'), TO_DATE('20/06/2009','DD/MM/YYYY'), 'Ngagel Jaya 3', '0318097376', 'M', 'CHEF');
insert into PEGAWAI values ('CC01', 'C005', 'Cece', TO_DATE('09/07/1986','DD/MM/YYYY'), TO_DATE('11/10/2009','DD/MM/YYYY'), 'Ngagel Jaya 4', '0316838434', 'M', 'CHEF');
insert into PEGAWAI values ('MC02', 'C006', 'Melany', TO_DATE('18/06/1985','DD/MM/YYYY'), TO_DATE('01/11/2011','DD/MM/YYYY'), 'Ngagel Jaya 5', '0319886384', 'F', 'CHEF');
insert into PEGAWAI values ('LC02', 'C007', 'Larissa', TO_DATE('18/07/1988','DD/MM/YYYY'), TO_DATE('16/10/2011','DD/MM/YYYY'), 'Ngagel Jaya 6', '0315383023', 'F', 'CHEF');
insert into PEGAWAI values ('HC02', 'C008', 'Harwell', TO_DATE('13/06/1985','DD/MM/YYYY'), TO_DATE('17/07/2009','DD/MM/YYYY'), 'Ngagel Jaya 7', '0311031389', 'M', 'CHEF');
insert into PEGAWAI values ('SC01', 'C009', 'Seymour', TO_DATE('14/07/1987','DD/MM/YYYY'), TO_DATE('31/05/2009','DD/MM/YYYY'), 'Ngagel Jaya 8', '0311892259', 'M', 'CHEF');
insert into PEGAWAI values ('LC03', 'C010', 'Leisha', TO_DATE('14/10/1985','DD/MM/YYYY'), TO_DATE('25/01/2010','DD/MM/YYYY'), 'Ngagel Jaya 9', '0312672738', 'F', 'CHEF');
insert into PEGAWAI values ('AC02', 'C011', 'Alvan', TO_DATE('21/03/1989','DD/MM/YYYY'), TO_DATE('01/06/2011','DD/MM/YYYY'), 'Ngagel Jaya 10', '0312987727', 'M', 'CHEF');
insert into PEGAWAI values ('DC03', 'C012', 'Darren', TO_DATE('16/03/1988','DD/MM/YYYY'), TO_DATE('09/03/2009','DD/MM/YYYY'), 'Ngagel Jaya 11', '0311342109', 'M', 'CHEF');
insert into PEGAWAI values ('HC03', 'C013', 'Helaine', TO_DATE('16/05/1989','DD/MM/YYYY'), TO_DATE('04/11/2010','DD/MM/YYYY'), 'Ngagel Jaya 12', '0312774076', 'F', 'CHEF');
insert into PEGAWAI values ('KC01', 'C014', 'Kayle', TO_DATE('20/11/1988','DD/MM/YYYY'), TO_DATE('14/04/2009','DD/MM/YYYY'), 'Ngagel Jaya 13', '0316843577', 'F', 'CHEF');
insert into PEGAWAI values ('PC01', 'C015', 'Prentiss', TO_DATE('10/06/1987','DD/MM/YYYY'), TO_DATE('18/06/2009','DD/MM/YYYY'), 'Ngagel Jaya 14', '0316415688', 'M', 'CHEF');
insert into PEGAWAI values ('JC02', 'C016', 'Jakob', TO_DATE('26/09/1989','DD/MM/YYYY'), TO_DATE('21/07/2010','DD/MM/YYYY'), 'Ngagel Jaya 15', '0311006507', 'M', 'CHEF');
insert into PEGAWAI values ('WC01', 'C017', 'Wolfy', TO_DATE('21/11/1987','DD/MM/YYYY'), TO_DATE('04/03/2011','DD/MM/YYYY'), 'Ngagel Jaya 16', '0311161398', 'M', 'CHEF');
insert into PEGAWAI values ('MC03', 'C018', 'Michal', TO_DATE('26/11/1989','DD/MM/YYYY'), TO_DATE('30/03/2010','DD/MM/YYYY'), 'Ngagel Jaya 17', '0311652805', 'M', 'CHEF');
insert into PEGAWAI values ('MC04', 'C019', 'Madella', TO_DATE('12/04/1989','DD/MM/YYYY'), TO_DATE('23/01/2009','DD/MM/YYYY'), 'Ngagel Jaya 18', '0313947384', 'F', 'CHEF');
insert into PEGAWAI values ('PC02', 'C020', 'Pacorro', TO_DATE('09/04/1989','DD/MM/YYYY'), TO_DATE('25/01/2010','DD/MM/YYYY'), 'Ngagel Jaya 19', '0314549508', 'M', 'CHEF');
insert into PEGAWAI values ('VC01', 'C021', 'Vernor', TO_DATE('30/09/1987','DD/MM/YYYY'), TO_DATE('31/01/2011','DD/MM/YYYY'), 'Ngagel Jaya 20', '0317592824', 'M', 'CHEF');
insert into PEGAWAI values ('GC01', 'C022', 'Giulia', TO_DATE('11/01/1989','DD/MM/YYYY'), TO_DATE('12/04/2009','DD/MM/YYYY'), 'Ngagel Jaya 21', '0316326556', 'F', 'CHEF');
insert into PEGAWAI values ('HC04', 'C023', 'Hillery', TO_DATE('18/06/1987','DD/MM/YYYY'), TO_DATE('01/06/2009','DD/MM/YYYY'), 'Ngagel Jaya 22', '0316123774', 'M', 'CHEF');
insert into PEGAWAI values ('AC03', 'C024', 'Adrian', TO_DATE('17/12/1985','DD/MM/YYYY'), TO_DATE('29/11/2011','DD/MM/YYYY'), 'Ngagel Jaya 23', '0316351043', 'F', 'CHEF');
insert into PEGAWAI values ('RC01', 'C025', 'Raffaello', TO_DATE('14/06/1989','DD/MM/YYYY'), TO_DATE('01/03/2011','DD/MM/YYYY'), 'Ngagel Jaya 24', '0314247283', 'M', 'CHEF');
insert into PEGAWAI values ('LC04', 'C026', 'Lyndell', TO_DATE('30/11/1989','DD/MM/YYYY'), TO_DATE('05/11/2011','DD/MM/YYYY'), 'Ngagel Jaya 25', '0311461571', 'F', 'CHEF');
insert into PEGAWAI values ('SC02', 'C027', 'Samson', TO_DATE('22/11/1988','DD/MM/YYYY'), TO_DATE('25/02/2011','DD/MM/YYYY'), 'Ngagel Jaya 26', '0311395644', 'M', 'CHEF');
insert into PEGAWAI values ('OC01', 'C028', 'Orel', TO_DATE('31/01/1989','DD/MM/YYYY'), TO_DATE('11/05/2011','DD/MM/YYYY'), 'Ngagel Jaya 27', '0315852556', 'F', 'CHEF');
insert into PEGAWAI values ('LC05', 'C029', 'Louie', TO_DATE('26/02/1989','DD/MM/YYYY'), TO_DATE('28/12/2010','DD/MM/YYYY'), 'Ngagel Jaya 28', '0316634749', 'M', 'CHEF');
insert into PEGAWAI values ('JC03', 'C030', 'Jarred', TO_DATE('15/11/1988','DD/MM/YYYY'), TO_DATE('24/04/2009','DD/MM/YYYY'), 'Ngagel Jaya 29', '0317654324', 'M', 'CHEF');
insert into PEGAWAI values ('DC04', 'C031', 'Donnie', TO_DATE('23/04/1986','DD/MM/YYYY'), TO_DATE('05/04/2011','DD/MM/YYYY'), 'Ngagel Jaya 30', '0318022447', 'M', 'CHEF');
insert into PEGAWAI values ('DC05', 'C032', 'Darice', TO_DATE('18/07/1985','DD/MM/YYYY'), TO_DATE('18/11/2009','DD/MM/YYYY'), 'Ngagel Jaya 31', '0319680707', 'F', 'CHEF');
insert into PEGAWAI values ('MC05', 'C033', 'Marylou', TO_DATE('12/12/1986','DD/MM/YYYY'), TO_DATE('06/04/2009','DD/MM/YYYY'), 'Ngagel Jaya 32', '0315862109', 'F', 'CHEF');
insert into PEGAWAI values ('DC06', 'C034', 'Denys', TO_DATE('09/06/1985','DD/MM/YYYY'), TO_DATE('16/02/2009','DD/MM/YYYY'), 'Ngagel Kencana 33', '0317469216', 'M', 'CHEF');
insert into PEGAWAI values ('EC01', 'C035', 'Edwin', TO_DATE('06/11/1989','DD/MM/YYYY'), TO_DATE('14/04/2011','DD/MM/YYYY'), 'Ngagel Kencana 34', '0314519811', 'M', 'CHEF');
insert into PEGAWAI values ('SC03', 'C036', 'Shepherd', TO_DATE('12/03/1988','DD/MM/YYYY'), TO_DATE('03/03/2009','DD/MM/YYYY'), 'Ngagel Kencana 35', '0316984671', 'M', 'CHEF');
insert into PEGAWAI values ('AC04', 'C037', 'Averell', TO_DATE('03/04/1986','DD/MM/YYYY'), TO_DATE('23/06/2010','DD/MM/YYYY'), 'Ngagel Kencana 36', '0318876329', 'M', 'CHEF');
insert into PEGAWAI values ('LC06', 'C038', 'Loydie', TO_DATE('25/09/1988','DD/MM/YYYY'), TO_DATE('22/08/2009','DD/MM/YYYY'), 'Ngagel Kencana 37', '0319826393', 'M', 'CHEF');
insert into PEGAWAI values ('RC02', 'C039', 'Rodolfo', TO_DATE('28/07/1986','DD/MM/YYYY'), TO_DATE('18/05/2011','DD/MM/YYYY'), 'Ngagel Kencana 38', '0318678553', 'M', 'CHEF');
insert into PEGAWAI values ('DC07', 'C040', 'Dane', TO_DATE('20/05/1987','DD/MM/YYYY'), TO_DATE('16/02/2011','DD/MM/YYYY'), 'Ngagel Kencana 39', '0311284457', 'M', 'CHEF');
insert into PEGAWAI values ('QC01', 'C041', 'Quintilla', TO_DATE('30/04/1988','DD/MM/YYYY'), TO_DATE('28/01/2010','DD/MM/YYYY'), 'Ngagel Kencana 40', '0312256517', 'F', 'CHEF');
insert into PEGAWAI values ('MC06', 'C042', 'Mort', TO_DATE('02/03/1987','DD/MM/YYYY'), TO_DATE('21/05/2010','DD/MM/YYYY'), 'Ngagel Kencana 41', '0318348327', 'M', 'CHEF');
insert into PEGAWAI values ('YC01', 'C043', 'Ysabel', TO_DATE('10/05/1985','DD/MM/YYYY'), TO_DATE('11/02/2009','DD/MM/YYYY'), 'Ngagel Kencana 42', '0319959368', 'F', 'CHEF');
insert into PEGAWAI values ('XC01', 'C044', 'Xena', TO_DATE('12/10/1985','DD/MM/YYYY'), TO_DATE('09/08/2009','DD/MM/YYYY'), 'Ngagel Kencana 43', '0313164569', 'F', 'CHEF');
insert into PEGAWAI values ('CC02', 'C045', 'Concordia', TO_DATE('02/09/1987','DD/MM/YYYY'), TO_DATE('05/04/2009','DD/MM/YYYY'), 'Ngagel Kencana 44', '0318326652', 'F', 'CHEF');
insert into PEGAWAI values ('GC02', 'C046', 'Garwood', TO_DATE('07/10/1988','DD/MM/YYYY'), TO_DATE('13/03/2010','DD/MM/YYYY'), 'Ngagel Kencana 45', '0313328062', 'M', 'CHEF');
insert into PEGAWAI values ('JC04', 'C047', 'Jacquelynn', TO_DATE('12/08/1989','DD/MM/YYYY'), TO_DATE('19/10/2009','DD/MM/YYYY'), 'Ngagel Kencana 46', '0313707167', 'F', 'CHEF');
insert into PEGAWAI values ('NC01', 'C048', 'Nickey', TO_DATE('11/01/1985','DD/MM/YYYY'), TO_DATE('25/03/2011','DD/MM/YYYY'), 'Ngagel Kencana 47', '0316797997', 'M', 'CHEF');
insert into PEGAWAI values ('LC07', 'C049', 'Licha', TO_DATE('02/11/1985','DD/MM/YYYY'), TO_DATE('12/11/2011','DD/MM/YYYY'), 'Ngagel Kencana 48', '0314830705', 'F', 'CHEF');
insert into PEGAWAI values ('DC08', 'C050', 'Doralynne', TO_DATE('20/01/1985','DD/MM/YYYY'), TO_DATE('22/07/2011','DD/MM/YYYY'), 'Ngagel Kencana 49', '0316963039', 'F', 'CHEF');
--KASIR
insert into PEGAWAI values ('DK01', 'C001', 'Darbie', TO_DATE('12/04/1989','DD/MM/YYYY'), TO_DATE('16/12/2009','DD/MM/YYYY'), 'Sutaraja Timur I', '(411) 1485413', 'F', 'KASIR');
insert into PEGAWAI values ('OK01', 'C002', 'Owen', TO_DATE('09/04/1988','DD/MM/YYYY'), TO_DATE('31/05/2010','DD/MM/YYYY'), 'Sutaraja Timur II', '(176) 6564722', 'M', 'KASIR');
insert into PEGAWAI values ('SK02', 'C003', 'Sergio', TO_DATE('31/03/1987','DD/MM/YYYY'), TO_DATE('24/01/2010','DD/MM/YYYY'), 'Sutaraja Timur III', '(126) 7666084', 'M', 'KASIR');
insert into PEGAWAI values ('RK02', 'C004', 'Ramon', TO_DATE('23/02/1988','DD/MM/YYYY'), TO_DATE('17/10/2011','DD/MM/YYYY'), 'Sutaraja Timur IV', '(772) 1756493', 'M', 'KASIR');
insert into PEGAWAI values ('DK02', 'C005', 'Demetrius', TO_DATE('07/08/1985','DD/MM/YYYY'), TO_DATE('01/12/2011','DD/MM/YYYY'), 'Sutaraja Timur V', '(226) 4671105', 'M', 'KASIR');
insert into PEGAWAI values ('AK02', 'C006', 'Allis', TO_DATE('04/06/1986','DD/MM/YYYY'), TO_DATE('21/11/2010','DD/MM/YYYY'), 'Sutaraja Timur VI', '(254) 6002433', 'F', 'KASIR');
insert into PEGAWAI values ('CK01', 'C007', 'Claudelle', TO_DATE('25/01/1987','DD/MM/YYYY'), TO_DATE('14/12/2009','DD/MM/YYYY'), 'Sutaraja Timur VII', '(551) 5109597', 'F', 'KASIR');
insert into PEGAWAI values ('DK03', 'C008', 'Dyane', TO_DATE('17/07/1986','DD/MM/YYYY'), TO_DATE('25/10/2009','DD/MM/YYYY'), 'Sutaraja Timur VIII', '(652) 3908385', 'F', 'KASIR');
insert into PEGAWAI values ('SK03', 'C009', 'Sallyanne', TO_DATE('11/04/1987','DD/MM/YYYY'), TO_DATE('13/05/2011','DD/MM/YYYY'), 'Sutaraja Timur XI', '(147) 8389037', 'F', 'KASIR');
insert into PEGAWAI values ('MK01', 'C010', 'Margette', TO_DATE('11/03/1987','DD/MM/YYYY'), TO_DATE('25/07/2010','DD/MM/YYYY'), 'Sutaraja Timur X', '(281) 6831976', 'F', 'KASIR');
insert into PEGAWAI values ('KK01', 'C011', 'Kacy', TO_DATE('02/10/1988','DD/MM/YYYY'), TO_DATE('10/07/2009','DD/MM/YYYY'), 'Sutaraja Timur XI', '(520) 1980478', 'F', 'KASIR');
insert into PEGAWAI values ('LK01', 'C012', 'Leila', TO_DATE('12/08/1985','DD/MM/YYYY'), TO_DATE('13/06/2011','DD/MM/YYYY'), 'Sutaraja Timur XII', '(996) 7288753', 'F', 'KASIR');
insert into PEGAWAI values ('HK01', 'C013', 'Harlin', TO_DATE('27/10/1989','DD/MM/YYYY'), TO_DATE('04/03/2011','DD/MM/YYYY'), 'Sutaraja Timur XIII', '(237) 4418670', 'M', 'KASIR');
insert into PEGAWAI values ('CK02', 'C014', 'Courtnay', TO_DATE('27/03/1988','DD/MM/YYYY'), TO_DATE('17/02/2009','DD/MM/YYYY'), 'Sutaraja Timur XIV', '(369) 1086311', 'M', 'KASIR');
insert into PEGAWAI values ('PK01', 'C015', 'Peyton', TO_DATE('30/03/1988','DD/MM/YYYY'), TO_DATE('11/12/2009','DD/MM/YYYY'), 'Sutaraja Timur XV', '(128) 6451122', 'M', 'KASIR');
insert into PEGAWAI values ('AK03', 'C016', 'Ailina', TO_DATE('01/03/1985','DD/MM/YYYY'), TO_DATE('28/03/2009','DD/MM/YYYY'), 'Sutaraja Timur XVI', '(117) 7374925', 'F', 'KASIR');
insert into PEGAWAI values ('AK04', 'C017', 'Antonietta', TO_DATE('03/02/1986','DD/MM/YYYY'), TO_DATE('22/03/2010','DD/MM/YYYY'), 'Sutaraja Timur XVII', '(872) 9383582', 'F', 'KASIR');
insert into PEGAWAI values ('PK02', 'C018', 'Paten', TO_DATE('28/07/1987','DD/MM/YYYY'), TO_DATE('24/06/2011','DD/MM/YYYY'), 'Sutaraja Timur XVIII', '(920) 7728103', 'M', 'KASIR');
insert into PEGAWAI values ('MK02', 'C019', 'Marci', TO_DATE('22/04/1985','DD/MM/YYYY'), TO_DATE('22/09/2009','DD/MM/YYYY'), 'Sutaraja Timur XIX', '(376) 8880663', 'F', 'KASIR');
insert into PEGAWAI values ('EK01', 'C020', 'Edith', TO_DATE('18/09/1988','DD/MM/YYYY'), TO_DATE('16/05/2010','DD/MM/YYYY'), 'Sutaraja Timur XX', '(592) 8261096', 'F', 'KASIR');
insert into PEGAWAI values ('SK04', 'C021', 'Suzie', TO_DATE('26/01/1989','DD/MM/YYYY'), TO_DATE('07/10/2010','DD/MM/YYYY'), 'Sutaraja Timur XXI', '(724) 8970999', 'F', 'KASIR');
insert into PEGAWAI values ('WK01', 'C022', 'Willis', TO_DATE('17/01/1985','DD/MM/YYYY'), TO_DATE('17/10/2011','DD/MM/YYYY'), 'Sutaraja Timur XXII', '(392) 2693565', 'M', 'KASIR');
insert into PEGAWAI values ('RK03', 'C023', 'Roi', TO_DATE('05/06/1987','DD/MM/YYYY'), TO_DATE('11/04/2009','DD/MM/YYYY'), 'Sutaraja Timur XXIII', '(964) 2413679', 'M', 'KASIR');
insert into PEGAWAI values ('AK05', 'C024', 'Amabelle', TO_DATE('09/05/1988','DD/MM/YYYY'), TO_DATE('29/04/2011','DD/MM/YYYY'), 'Sutaraja Timur XXIV', '(414) 8905283', 'F', 'KASIR');
insert into PEGAWAI values ('MK03', 'C025', 'Merralee', TO_DATE('03/03/1987','DD/MM/YYYY'), TO_DATE('03/04/2010','DD/MM/YYYY'), 'Sutaraja Timur XXV', '(945) 7203823', 'F', 'KASIR');
insert into PEGAWAI values ('SK05', 'C026', 'Sophi', TO_DATE('06/03/1986','DD/MM/YYYY'), TO_DATE('29/08/2009','DD/MM/YYYY'), 'Sutaraja Timur XXVI', '(392) 4337649', 'F', 'KASIR');
insert into PEGAWAI values ('NK01', 'C027', 'Nicky', TO_DATE('07/12/1985','DD/MM/YYYY'), TO_DATE('23/11/2009','DD/MM/YYYY'), 'Sutaraja Timur XXVII', '(181) 7350800', 'M', 'KASIR');
insert into PEGAWAI values ('DK04', 'C028', 'Dale', TO_DATE('21/04/1988','DD/MM/YYYY'), TO_DATE('06/03/2009','DD/MM/YYYY'), 'Sutaraja Timur XXVIII', '(668) 9971416', 'M', 'KASIR');
insert into PEGAWAI values ('RK04', 'C029', 'Rowen', TO_DATE('22/11/1989','DD/MM/YYYY'), TO_DATE('25/07/2009','DD/MM/YYYY'), 'Sutaraja Timur XXIX', '(613) 2975310', 'M', 'KASIR');
insert into PEGAWAI values ('WK02', 'C030', 'Wake', TO_DATE('26/07/1987','DD/MM/YYYY'), TO_DATE('09/12/2011','DD/MM/YYYY'), 'Sutaraja Timur XXX', '(129) 1457861', 'M', 'KASIR');
insert into PEGAWAI values ('GK01', 'C031', 'Giorgia', TO_DATE('25/06/1987','DD/MM/YYYY'), TO_DATE('11/07/2011','DD/MM/YYYY'), 'Sutaraja Timur XXXI', '(978) 9146461', 'F', 'KASIR');
insert into PEGAWAI values ('LK02', 'C032', 'Leonardo', TO_DATE('19/01/1985','DD/MM/YYYY'), TO_DATE('28/02/2009','DD/MM/YYYY'), 'Sutaraja Timur XXXII', '(639) 2938532', 'M', 'KASIR');
insert into PEGAWAI values ('RK05', 'C033', 'Rivy', TO_DATE('28/02/1988','DD/MM/YYYY'), TO_DATE('11/09/2011','DD/MM/YYYY'), 'Sutaraja Timur XXXIII', '(613) 4105761', 'F', 'KASIR');
insert into PEGAWAI values ('RK06', 'C034', 'Roby', TO_DATE('03/09/1989','DD/MM/YYYY'), TO_DATE('29/05/2010','DD/MM/YYYY'), 'Sutaraja Timur XXXIV', '(352) 5040264', 'F', 'KASIR');
insert into PEGAWAI values ('WK03', 'C035', 'Wilma', TO_DATE('28/04/1989','DD/MM/YYYY'), TO_DATE('27/04/2011','DD/MM/YYYY'), 'Sutaraja Timur XXXV', '(511) 1378007', 'F', 'KASIR');
insert into PEGAWAI values ('HK02', 'C036', 'Hubert', TO_DATE('21/01/1985','DD/MM/YYYY'), TO_DATE('20/04/2010','DD/MM/YYYY'), 'Sutaraja Timur XXXVI', '(426) 4106393', 'M', 'KASIR');
insert into PEGAWAI values ('PK03', 'C037', 'Phyllis', TO_DATE('08/07/1987','DD/MM/YYYY'), TO_DATE('10/09/2010','DD/MM/YYYY'), 'Sutaraja Timur XXXVII', '(802) 2105804', 'F', 'KASIR');
insert into PEGAWAI values ('GK02', 'C038', 'Goddart', TO_DATE('25/12/1989','DD/MM/YYYY'), TO_DATE('02/01/2009','DD/MM/YYYY'), 'Sutaraja Timur XXXVIII', '(291) 9029985', 'M', 'KASIR');
insert into PEGAWAI values ('TK01', 'C039', 'Thacher', TO_DATE('06/07/1988','DD/MM/YYYY'), TO_DATE('18/02/2010','DD/MM/YYYY'), 'Sutaraja Timur XXXIX', '(275) 2844545', 'M', 'KASIR');
insert into PEGAWAI values ('AK06', 'C040', 'Aron', TO_DATE('20/11/1986','DD/MM/YYYY'), TO_DATE('26/06/2010','DD/MM/YYYY'), 'Sutaraja Timur XXXX', '(650) 4569614', 'M', 'KASIR');
insert into PEGAWAI values ('AK07', 'C041', 'Abeu', TO_DATE('10/06/1988','DD/MM/YYYY'), TO_DATE('08/01/2011','DD/MM/YYYY'), 'Sutaraja Timur XXXXI', '(140) 2511181', 'M', 'KASIR');
insert into PEGAWAI values ('CK03', 'C042', 'Car', TO_DATE('30/09/1987','DD/MM/YYYY'), TO_DATE('30/08/2009','DD/MM/YYYY'), 'Sutaraja Timur XXXXII', '(376) 3164124', 'M', 'KASIR');
insert into PEGAWAI values ('DK05', 'C043', 'Danie', TO_DATE('11/07/1985','DD/MM/YYYY'), TO_DATE('17/08/2009','DD/MM/YYYY'), 'Sutaraja Timur XXXXIII', '(636) 5392151', 'M', 'KASIR');
insert into PEGAWAI values ('TK02', 'C044', 'Tamqrah', TO_DATE('12/02/1985','DD/MM/YYYY'), TO_DATE('28/04/2009','DD/MM/YYYY'), 'Sutaraja Timur XXXXIV', '(419) 5619568', 'F', 'KASIR');
insert into PEGAWAI values ('LK03', 'C045', 'Louisette', TO_DATE('18/01/1985','DD/MM/YYYY'), TO_DATE('22/02/2010','DD/MM/YYYY'), 'Sutaraja Timur XXXXV', '(769) 2960996', 'F', 'KASIR');
insert into PEGAWAI values ('LK04', 'C046', 'Lotte', TO_DATE('12/07/1989','DD/MM/YYYY'), TO_DATE('18/05/2009','DD/MM/YYYY'), 'Sutaraja Timur XXXXVI', '(363) 5323194', 'F', 'KASIR');
insert into PEGAWAI values ('LK05', 'C047', 'Leon', TO_DATE('05/02/1988','DD/MM/YYYY'), TO_DATE('24/02/2009','DD/MM/YYYY'), 'Sutaraja Timur XXXXVII', '(652) 9156449', 'M', 'KASIR');
insert into PEGAWAI values ('DK06', 'C048', 'Donny', TO_DATE('07/07/1989','DD/MM/YYYY'), TO_DATE('28/09/2009','DD/MM/YYYY'), 'Sutaraja Timur XXXXVIII', '(455) 5882681', 'F', 'KASIR');
insert into PEGAWAI values ('SK07', 'C049', 'Stephi', TO_DATE('05/09/1987','DD/MM/YYYY'), TO_DATE('28/08/2010','DD/MM/YYYY'), 'Sutaraja Timur XXXXIX', '(523) 1851277', 'F', 'KASIR');
insert into PEGAWAI values ('KK02', 'C050', 'Kiah', TO_DATE('15/10/1987','DD/MM/YYYY'), TO_DATE('06/03/2010','DD/MM/YYYY'), 'Sutaraja Timur XXXXX', '(176) 5750125', 'F', 'KASIR');
--PEGAWAI
insert into PEGAWAI values ('TP01', 'C001', 'Tedd', TO_DATE('31/03/1985','DD/MM/YYYY'), TO_DATE('18/03/2009','DD/MM/YYYY'), 'Klampis Raya 1', '(575) 3720932', 'M', 'PEGAWAI');
insert into PEGAWAI values ('CP01', 'C002', 'Carlie', TO_DATE('02/10/1987','DD/MM/YYYY'), TO_DATE('27/12/2011','DD/MM/YYYY'), 'Klampis Raya 2', '(376) 8735772', 'M', 'PEGAWAI');
insert into PEGAWAI values ('FP01', 'C003', 'Ferdinand', TO_DATE('09/03/1986','DD/MM/YYYY'), TO_DATE('28/09/2011','DD/MM/YYYY'), 'Klampis Raya 3', '(619) 2266521', 'M', 'PEGAWAI');
insert into PEGAWAI values ('PP01', 'C004', 'Petr', TO_DATE('12/12/1986','DD/MM/YYYY'), TO_DATE('02/10/2009','DD/MM/YYYY'), 'Klampis Raya 4', '(136) 3773876', 'M', 'PEGAWAI');
insert into PEGAWAI values ('UP01', 'C005', 'Una', TO_DATE('31/07/1987','DD/MM/YYYY'), TO_DATE('05/05/2010','DD/MM/YYYY'), 'Klampis Raya 5', '(189) 4631538', 'F', 'PEGAWAI');
insert into PEGAWAI values ('AP01', 'C006', 'Alan', TO_DATE('03/07/1986','DD/MM/YYYY'), TO_DATE('12/12/2009','DD/MM/YYYY'), 'Klampis Raya 6', '(368) 2092744', 'M', 'PEGAWAI');
insert into PEGAWAI values ('IP01', 'C007', 'Isidore', TO_DATE('31/03/1986','DD/MM/YYYY'), TO_DATE('16/08/2009','DD/MM/YYYY'), 'Klampis Raya 7', '(103) 6798230', 'M', 'PEGAWAI');
insert into PEGAWAI values ('CP02', 'C008', 'Cross', TO_DATE('05/11/1985','DD/MM/YYYY'), TO_DATE('02/03/2010','DD/MM/YYYY'), 'Klampis Raya 8', '(594) 1707845', 'M', 'PEGAWAI');
insert into PEGAWAI values ('HP01', 'C009', 'Herman', TO_DATE('19/09/1989','DD/MM/YYYY'), TO_DATE('05/03/2009','DD/MM/YYYY'), 'Klampis Raya 9', '(536) 9416372', 'M', 'PEGAWAI');
insert into PEGAWAI values ('MP01', 'C010', 'Mellisa', TO_DATE('16/03/1989','DD/MM/YYYY'), TO_DATE('08/11/2010','DD/MM/YYYY'), 'Klampis Raya 10', '(542) 8505468', 'F', 'PEGAWAI');
insert into PEGAWAI values ('AP02', 'C011', 'Annice', TO_DATE('23/09/1986','DD/MM/YYYY'), TO_DATE('18/08/2009','DD/MM/YYYY'), 'Klampis Raya 11', '(811) 3208498', 'F', 'PEGAWAI');
insert into PEGAWAI values ('TP02', 'C012', 'Timothee', TO_DATE('20/07/1988','DD/MM/YYYY'), TO_DATE('06/04/2011','DD/MM/YYYY'), 'Klampis Raya 12', '(414) 9534371', 'M', 'PEGAWAI');
insert into PEGAWAI values ('DP01', 'C013', 'Darryl', TO_DATE('08/10/1989','DD/MM/YYYY'), TO_DATE('27/01/2011','DD/MM/YYYY'), 'Klampis Raya 13', '(915) 1240305', 'M', 'PEGAWAI');
insert into PEGAWAI values ('CP03', 'C014', 'Catrina', TO_DATE('02/10/1989','DD/MM/YYYY'), TO_DATE('17/11/2011','DD/MM/YYYY'), 'Klampis Raya 14', '(937) 1386490', 'F', 'PEGAWAI');
insert into PEGAWAI values ('BP01', 'C015', 'Beaufort', TO_DATE('08/11/1986','DD/MM/YYYY'), TO_DATE('30/01/2011','DD/MM/YYYY'), 'Klampis Raya 15', '(387) 1530070', 'M', 'PEGAWAI');
insert into PEGAWAI values ('RP01', 'C016', 'Rodolfo', TO_DATE('23/03/1987','DD/MM/YYYY'), TO_DATE('19/04/2011','DD/MM/YYYY'), 'Klampis Raya 16', '(576) 6511117', 'M', 'PEGAWAI');
insert into PEGAWAI values ('TP03', 'C017', 'Tessie', TO_DATE('20/11/1987','DD/MM/YYYY'), TO_DATE('06/10/2011','DD/MM/YYYY'), 'Klampis Raya 17', '(347) 2942255', 'F', 'PEGAWAI');
insert into PEGAWAI values ('AP03', 'C018', 'Ardeen', TO_DATE('14/04/1987','DD/MM/YYYY'), TO_DATE('14/12/2009','DD/MM/YYYY'), 'Klampis Raya 18', '(946) 3735063', 'F', 'PEGAWAI');
insert into PEGAWAI values ('SP01', 'C019', 'Shannon', TO_DATE('10/03/1989','DD/MM/YYYY'), TO_DATE('11/06/2011','DD/MM/YYYY'), 'Klampis Raya 19', '(863) 2308222', 'M', 'PEGAWAI');
insert into PEGAWAI values ('BP02', 'C020', 'Brigid', TO_DATE('08/04/1987','DD/MM/YYYY'), TO_DATE('20/07/2010','DD/MM/YYYY'), 'Klampis Raya 20', '(627) 5265772', 'F', 'PEGAWAI');
insert into PEGAWAI values ('SP02', 'C021', 'Sandi', TO_DATE('24/05/1987','DD/MM/YYYY'), TO_DATE('27/05/2011','DD/MM/YYYY'), 'Klampis Raya 21', '(154) 9587685', 'F', 'PEGAWAI');
insert into PEGAWAI values ('HP02', 'C022', 'Hobart', TO_DATE('24/01/1988','DD/MM/YYYY'), TO_DATE('28/04/2010','DD/MM/YYYY'), 'Klampis Raya 22', '(539) 8742975', 'M', 'PEGAWAI');
insert into PEGAWAI values ('GP01', 'C023', 'Gaynor', TO_DATE('26/09/1986','DD/MM/YYYY'), TO_DATE('26/01/2009','DD/MM/YYYY'), 'Klampis Raya 23', '(356) 3052466', 'F', 'PEGAWAI');
insert into PEGAWAI values ('MP02', 'C024', 'Millicent', TO_DATE('07/09/1985','DD/MM/YYYY'), TO_DATE('02/09/2009','DD/MM/YYYY'), 'Klampis Raya 24', '(870) 4097899', 'F', 'PEGAWAI');
insert into PEGAWAI values ('AP04', 'C025', 'Amalle', TO_DATE('20/11/1986','DD/MM/YYYY'), TO_DATE('22/04/2011','DD/MM/YYYY'), 'Klampis Raya 25', '(894) 9440095', 'F', 'PEGAWAI');
insert into PEGAWAI values ('OP01', 'C026', 'Olia', TO_DATE('23/09/1987','DD/MM/YYYY'), TO_DATE('13/03/2011','DD/MM/YYYY'), 'Klampis Raya 26', '(891) 6926653', 'F', 'PEGAWAI');
insert into PEGAWAI values ('MP03', 'C027', 'Meir', TO_DATE('23/03/1986','DD/MM/YYYY'), TO_DATE('18/08/2009','DD/MM/YYYY'), 'Klampis Raya 27', '(571) 1867301', 'M', 'PEGAWAI');
insert into PEGAWAI values ('AP05', 'C028', 'Adler', TO_DATE('15/10/1989','DD/MM/YYYY'), TO_DATE('04/08/2010','DD/MM/YYYY'), 'Klampis Raya 28', '(196) 2665102', 'M', 'PEGAWAI');
insert into PEGAWAI values ('MP04', 'C029', 'Maureen', TO_DATE('28/11/1985','DD/MM/YYYY'), TO_DATE('13/07/2010','DD/MM/YYYY'), 'Klampis Raya 29', '(607) 9341131', 'F', 'PEGAWAI');
insert into PEGAWAI values ('CP04', 'C030', 'Casi', TO_DATE('06/06/1985','DD/MM/YYYY'), TO_DATE('12/06/2009','DD/MM/YYYY'), 'Klampis Raya 30', '(654) 1909134', 'F', 'PEGAWAI');
insert into PEGAWAI values ('MP05', 'C031', 'Marget', TO_DATE('12/07/1989','DD/MM/YYYY'), TO_DATE('08/11/2009','DD/MM/YYYY'), 'Klampis Raya 31', '(199) 9914485', 'F', 'PEGAWAI');
insert into PEGAWAI values ('VP01', 'C032', 'Victoir', TO_DATE('30/09/1988','DD/MM/YYYY'), TO_DATE('24/11/2010','DD/MM/YYYY'), 'Klampis Raya 32', '(550) 1987568', 'M', 'PEGAWAI');
insert into PEGAWAI values ('RP02', 'C033', 'Rollo', TO_DATE('12/11/1987','DD/MM/YYYY'), TO_DATE('18/06/2009','DD/MM/YYYY'), 'Klampis Raya 33', '(721) 3670758', 'M', 'PEGAWAI');
insert into PEGAWAI values ('AP06', 'C034', 'Audra', TO_DATE('18/11/1985','DD/MM/YYYY'), TO_DATE('22/09/2011','DD/MM/YYYY'), 'Klampis Raya 34', '(156) 9860454', 'F', 'PEGAWAI');
insert into PEGAWAI values ('NP01', 'C035', 'Norry', TO_DATE('23/09/1987','DD/MM/YYYY'), TO_DATE('23/10/2009','DD/MM/YYYY'), 'Klampis Raya 35', '(134) 1348603', 'M', 'PEGAWAI');
insert into PEGAWAI values ('JP01', 'C036', 'Jobey', TO_DATE('01/06/1985','DD/MM/YYYY'), TO_DATE('19/08/2010','DD/MM/YYYY'), 'Klampis Raya 36', '(472) 1719630', 'F', 'PEGAWAI');
insert into PEGAWAI values ('IP02', 'C037', 'Issiah', TO_DATE('24/10/1989','DD/MM/YYYY'), TO_DATE('12/02/2010','DD/MM/YYYY'), 'Klampis Raya 37', '(384) 8324676', 'M', 'PEGAWAI');
insert into PEGAWAI values ('AP07', 'C038', 'Allistir', TO_DATE('08/03/1985','DD/MM/YYYY'), TO_DATE('23/01/2010','DD/MM/YYYY'), 'Klampis Raya 38', '(711) 4914338', 'M', 'PEGAWAI');
insert into PEGAWAI values ('OP02', 'C039', 'Opal', TO_DATE('07/01/1988','DD/MM/YYYY'), TO_DATE('18/11/2009','DD/MM/YYYY'), 'Klampis Raya 39', '(735) 4307184', 'F', 'PEGAWAI');
insert into PEGAWAI values ('BP03', 'C040', 'Buffy', TO_DATE('03/01/1987','DD/MM/YYYY'), TO_DATE('03/04/2009','DD/MM/YYYY'), 'Klampis Raya 40', '(151) 9898383', 'F', 'PEGAWAI');
insert into PEGAWAI values ('AP08', 'C041', 'Ashley', TO_DATE('06/04/1988','DD/MM/YYYY'), TO_DATE('19/12/2010','DD/MM/YYYY'), 'Klampis Raya 41', '(115) 4582010', 'M', 'PEGAWAI');
insert into PEGAWAI values ('KP01', 'C042', 'Kenneth', TO_DATE('27/02/1989','DD/MM/YYYY'), TO_DATE('10/12/2010','DD/MM/YYYY'), 'Klampis Raya 42', '(936) 4299646', 'M', 'PEGAWAI');
insert into PEGAWAI values ('AP09', 'C043', 'Ailyn', TO_DATE('03/11/1988','DD/MM/YYYY'), TO_DATE('04/02/2009','DD/MM/YYYY'), 'Klampis Raya 43', '(615) 3974497', 'F', 'PEGAWAI');
insert into PEGAWAI values ('BP04', 'C044', 'Brigham', TO_DATE('27/11/1985','DD/MM/YYYY'), TO_DATE('19/12/2010','DD/MM/YYYY'), 'Klampis Raya 44', '(377) 1243069', 'M', 'PEGAWAI');
insert into PEGAWAI values ('PP02', 'C045', 'Panchito', TO_DATE('15/01/1988','DD/MM/YYYY'), TO_DATE('18/04/2011','DD/MM/YYYY'), 'Klampis Raya 45', '(518) 9815118', 'M', 'PEGAWAI');
insert into PEGAWAI values ('IP03', 'C046', 'Ikey', TO_DATE('26/01/1987','DD/MM/YYYY'), TO_DATE('08/02/2010','DD/MM/YYYY'), 'Klampis Raya 46', '(490) 7321341', 'M', 'PEGAWAI');
insert into PEGAWAI values ('JP02', 'C047', 'Jehu', TO_DATE('01/10/1985','DD/MM/YYYY'), TO_DATE('27/02/2011','DD/MM/YYYY'), 'Klampis Raya 47', '(313) 7222723', 'M', 'PEGAWAI');
insert into PEGAWAI values ('LP01', 'C048', 'Lark', TO_DATE('28/05/1986','DD/MM/YYYY'), TO_DATE('13/05/2010','DD/MM/YYYY'), 'Klampis Raya 48', '(349) 7210097', 'F', 'PEGAWAI');
insert into PEGAWAI values ('EP01', 'C049', 'Ewart', TO_DATE('26/10/1985','DD/MM/YYYY'), TO_DATE('09/03/2009','DD/MM/YYYY'), 'Klampis Raya 49', '(541) 4744166', 'M', 'PEGAWAI');
insert into PEGAWAI values ('EP02', 'C050', 'Ermanno', TO_DATE('23/10/1988','DD/MM/YYYY'), TO_DATE('07/02/2009','DD/MM/YYYY'), 'Klampis Raya 50', '(847) 7636788', 'M', 'PEGAWAI');
insert into PEGAWAI values ('GP02', 'C001', 'Gert', TO_DATE('26/07/1988','DD/MM/YYYY'), TO_DATE('20/07/2009','DD/MM/YYYY'), 'Klampis Utama 1', '(869) 3050666', 'F', 'PEGAWAI');
insert into PEGAWAI values ('IP04', 'C002', 'Ingmar', TO_DATE('24/05/1989','DD/MM/YYYY'), TO_DATE('26/05/2009','DD/MM/YYYY'), 'Klampis Utama 2', '(457) 4890192', 'M', 'PEGAWAI');
insert into PEGAWAI values ('JP03', 'C003', 'Jarrid', TO_DATE('18/05/1988','DD/MM/YYYY'), TO_DATE('01/11/2009','DD/MM/YYYY'), 'Klampis Utama 3', '(979) 9358091', 'M', 'PEGAWAI');
insert into PEGAWAI values ('EP03', 'C004', 'Ettore', TO_DATE('23/02/1985','DD/MM/YYYY'), TO_DATE('03/10/2009','DD/MM/YYYY'), 'Klampis Utama 4', '(919) 7627559', 'M', 'PEGAWAI');
insert into PEGAWAI values ('EP04', 'C005', 'Emmaline', TO_DATE('12/10/1989','DD/MM/YYYY'), TO_DATE('30/10/2011','DD/MM/YYYY'), 'Klampis Utama 5', '(569) 7877314', 'F', 'PEGAWAI');
insert into PEGAWAI values ('RP03', 'C006', 'Reid', TO_DATE('30/12/1987','DD/MM/YYYY'), TO_DATE('07/11/2010','DD/MM/YYYY'), 'Klampis Utama 6', '(336) 6882856', 'M', 'PEGAWAI');
insert into PEGAWAI values ('MP06', 'C007', 'Marrilee', TO_DATE('25/06/1987','DD/MM/YYYY'), TO_DATE('08/10/2011','DD/MM/YYYY'), 'Klampis Utama 7', '(161) 7063014', 'F', 'PEGAWAI');
insert into PEGAWAI values ('SP03', 'C008', 'Stanislas', TO_DATE('30/06/1985','DD/MM/YYYY'), TO_DATE('27/04/2011','DD/MM/YYYY'), 'Klampis Utama 8', '(885) 3037776', 'M', 'PEGAWAI');
insert into PEGAWAI values ('PP03', 'C009', 'Phillis', TO_DATE('02/11/1985','DD/MM/YYYY'), TO_DATE('04/10/2011','DD/MM/YYYY'), 'Klampis Utama 9', '(784) 1605055', 'F', 'PEGAWAI');
insert into PEGAWAI values ('AP10', 'C010', 'Amelita', TO_DATE('15/12/1986','DD/MM/YYYY'), TO_DATE('14/09/2010','DD/MM/YYYY'), 'Klampis Utama 10', '(886) 3545590', 'F', 'PEGAWAI');
insert into PEGAWAI values ('VP02', 'C011', 'Verina', TO_DATE('08/06/1987','DD/MM/YYYY'), TO_DATE('27/11/2010','DD/MM/YYYY'), 'Klampis Utama 11', '(136) 8615060', 'F', 'PEGAWAI');
insert into PEGAWAI values ('DP02', 'C012', 'Dannye', TO_DATE('12/04/1985','DD/MM/YYYY'), TO_DATE('26/03/2009','DD/MM/YYYY'), 'Klampis Utama 12', '(409) 3373859', 'F', 'PEGAWAI');
insert into PEGAWAI values ('LP02', 'C013', 'Luisa', TO_DATE('24/03/1989','DD/MM/YYYY'), TO_DATE('02/07/2011','DD/MM/YYYY'), 'Klampis Utama 13', '(954) 8433741', 'F', 'PEGAWAI');
insert into PEGAWAI values ('TP04', 'C014', 'Tab', TO_DATE('15/03/1988','DD/MM/YYYY'), TO_DATE('02/01/2011','DD/MM/YYYY'), 'Klampis Utama 14', '(152) 9400052', 'M', 'PEGAWAI');
insert into PEGAWAI values ('RP04', 'C015', 'Rab', TO_DATE('28/04/1988','DD/MM/YYYY'), TO_DATE('10/11/2010','DD/MM/YYYY'), 'Klampis Utama 15', '(377) 4111170', 'M', 'PEGAWAI');
insert into PEGAWAI values ('BP05', 'C016', 'Brent', TO_DATE('10/08/1988','DD/MM/YYYY'), TO_DATE('30/10/2011','DD/MM/YYYY'), 'Klampis Utama 16', '(273) 3769060', 'M', 'PEGAWAI');
insert into PEGAWAI values ('LP03', 'C017', 'Llewellyn', TO_DATE('11/02/1988','DD/MM/YYYY'), TO_DATE('19/10/2009','DD/MM/YYYY'), 'Klampis Utama 17', '(360) 8868553', 'M', 'PEGAWAI');
insert into PEGAWAI values ('BP06', 'C018', 'Brennen', TO_DATE('06/12/1989','DD/MM/YYYY'), TO_DATE('06/11/2010','DD/MM/YYYY'), 'Klampis Utama 18', '(268) 4325373', 'M', 'PEGAWAI');
insert into PEGAWAI values ('BP07', 'C019', 'Brod', TO_DATE('30/09/1986','DD/MM/YYYY'), TO_DATE('29/10/2010','DD/MM/YYYY'), 'Klampis Utama 19', '(650) 4986174', 'M', 'PEGAWAI');
insert into PEGAWAI values ('SP04', 'C020', 'Sheba', TO_DATE('01/03/1986','DD/MM/YYYY'), TO_DATE('27/11/2010','DD/MM/YYYY'), 'Klampis Utama 20', '(483) 2738716', 'F', 'PEGAWAI');
insert into PEGAWAI values ('KP02', 'C021', 'Kassey', TO_DATE('04/08/1987','DD/MM/YYYY'), TO_DATE('12/05/2011','DD/MM/YYYY'), 'Klampis Utama 21', '(578) 9084367', 'F', 'PEGAWAI');
insert into PEGAWAI values ('BP08', 'C022', 'Brigitte', TO_DATE('18/12/1985','DD/MM/YYYY'), TO_DATE('02/04/2009','DD/MM/YYYY'), 'Klampis Utama 22', '(343) 9599447', 'F', 'PEGAWAI');
insert into PEGAWAI values ('SP05', 'C023', 'Sammy', TO_DATE('28/03/1987','DD/MM/YYYY'), TO_DATE('23/03/2009','DD/MM/YYYY'), 'Klampis Utama 23', '(735) 8097225', 'F', 'PEGAWAI');
insert into PEGAWAI values ('CP05', 'C024', 'Cloris', TO_DATE('09/06/1988','DD/MM/YYYY'), TO_DATE('27/06/2011','DD/MM/YYYY'), 'Klampis Utama 24', '(787) 4038374', 'F', 'PEGAWAI');
insert into PEGAWAI values ('RP05', 'C025', 'Rube', TO_DATE('03/11/1986','DD/MM/YYYY'), TO_DATE('18/12/2009','DD/MM/YYYY'), 'Klampis Utama 25', '(767) 5532794', 'M', 'PEGAWAI');
insert into PEGAWAI values ('KP03', 'C026', 'Korie', TO_DATE('26/08/1988','DD/MM/YYYY'), TO_DATE('01/07/2011','DD/MM/YYYY'), 'Klampis Utama 26', '(921) 7935651', 'F', 'PEGAWAI');
insert into PEGAWAI values ('BP09', 'C027', 'Benoit', TO_DATE('06/12/1986','DD/MM/YYYY'), TO_DATE('29/10/2010','DD/MM/YYYY'), 'Klampis Utama 27', '(780) 8108153', 'M', 'PEGAWAI');
insert into PEGAWAI values ('AP11', 'C028', 'Alyssa', TO_DATE('15/05/1989','DD/MM/YYYY'), TO_DATE('25/03/2010','DD/MM/YYYY'), 'Klampis Utama 28', '(805) 3706964', 'F', 'PEGAWAI');
insert into PEGAWAI values ('AP12', 'C029', 'Antone', TO_DATE('22/01/1988','DD/MM/YYYY'), TO_DATE('05/04/2010','DD/MM/YYYY'), 'Klampis Utama 29', '(470) 6097088', 'M', 'PEGAWAI');
insert into PEGAWAI values ('CP06', 'C030', 'Carlo', TO_DATE('09/02/1988','DD/MM/YYYY'), TO_DATE('04/01/2010','DD/MM/YYYY'), 'Klampis Utama 30', '(628) 2979684', 'M', 'PEGAWAI');
insert into PEGAWAI values ('RP06', 'C031', 'Regan', TO_DATE('04/10/1986','DD/MM/YYYY'), TO_DATE('19/12/2010','DD/MM/YYYY'), 'Klampis Utama 31', '(876) 1699119', 'M', 'PEGAWAI');
insert into PEGAWAI values ('DP03', 'C032', 'Duky', TO_DATE('17/10/1987','DD/MM/YYYY'), TO_DATE('12/10/2011','DD/MM/YYYY'), 'Klampis Utama 32', '(755) 7790196', 'M', 'PEGAWAI');
insert into PEGAWAI values ('RP07', 'C033', 'Reese', TO_DATE('13/11/1989','DD/MM/YYYY'), TO_DATE('28/06/2009','DD/MM/YYYY'), 'Klampis Utama 33', '(307) 3461473', 'M', 'PEGAWAI');
insert into PEGAWAI values ('MP07', 'C034', 'Maddi', TO_DATE('07/11/1985','DD/MM/YYYY'), TO_DATE('20/09/2011','DD/MM/YYYY'), 'Klampis Utama 34', '(779) 6585334', 'F', 'PEGAWAI');
insert into PEGAWAI values ('EP05', 'C035', 'Erinn', TO_DATE('13/05/1988','DD/MM/YYYY'), TO_DATE('16/03/2009','DD/MM/YYYY'), 'Klampis Utama 35', '(582) 6444152', 'F', 'PEGAWAI');
insert into PEGAWAI values ('AP13', 'C036', 'Ange', TO_DATE('20/07/1986','DD/MM/YYYY'), TO_DATE('02/08/2009','DD/MM/YYYY'), 'Klampis Utama 36', '(118) 9162794', 'F', 'PEGAWAI');
insert into PEGAWAI values ('SP06', 'C037', 'Stanly', TO_DATE('07/10/1988','DD/MM/YYYY'), TO_DATE('07/05/2009','DD/MM/YYYY'), 'Klampis Utama 37', '(711) 1565579', 'M', 'PEGAWAI');
insert into PEGAWAI values ('RP08', 'C038', 'Reece', TO_DATE('10/02/1988','DD/MM/YYYY'), TO_DATE('10/03/2010','DD/MM/YYYY'), 'Klampis Utama 38', '(792) 2744501', 'M', 'PEGAWAI');
insert into PEGAWAI values ('JP04', 'C039', 'Jennee', TO_DATE('08/12/1986','DD/MM/YYYY'), TO_DATE('31/01/2010','DD/MM/YYYY'), 'Klampis Utama 39', '(915) 9434799', 'F', 'PEGAWAI');
insert into PEGAWAI values ('VP03', 'C040', 'Virgil', TO_DATE('27/09/1989','DD/MM/YYYY'), TO_DATE('27/10/2011','DD/MM/YYYY'), 'Klampis Utama 40', '(839) 3764985', 'M', 'PEGAWAI');
insert into PEGAWAI values ('HP03', 'C041', 'Hendrika', TO_DATE('24/04/1989','DD/MM/YYYY'), TO_DATE('16/10/2010','DD/MM/YYYY'), 'Klampis Utama 41', '(626) 8967074', 'F', 'PEGAWAI');
insert into PEGAWAI values ('NP02', 'C042', 'Nate', TO_DATE('11/04/1989','DD/MM/YYYY'), TO_DATE('29/03/2010','DD/MM/YYYY'), 'Klampis Utama 42', '(388) 8654240', 'M', 'PEGAWAI');
insert into PEGAWAI values ('SP07', 'C043', 'Shaina', TO_DATE('20/05/1985','DD/MM/YYYY'), TO_DATE('29/09/2009','DD/MM/YYYY'), 'Klampis Utama 43', '(520) 4242399', 'F', 'PEGAWAI');
insert into PEGAWAI values ('NP03', 'C044', 'Nicola', TO_DATE('26/01/1989','DD/MM/YYYY'), TO_DATE('07/01/2010','DD/MM/YYYY'), 'Klampis Utama 44', '(497) 9761956', 'M', 'PEGAWAI');
insert into PEGAWAI values ('CP07', 'C045', 'Cobby', TO_DATE('04/03/1985','DD/MM/YYYY'), TO_DATE('25/12/2011','DD/MM/YYYY'), 'Klampis Utama 45', '(451) 7768096', 'M', 'PEGAWAI');
insert into PEGAWAI values ('CP08', 'C046', 'Cilka', TO_DATE('20/09/1989','DD/MM/YYYY'), TO_DATE('24/03/2010','DD/MM/YYYY'), 'Klampis Utama 46', '(650) 4074470', 'F', 'PEGAWAI');
insert into PEGAWAI values ('MP08', 'C047', 'Marlowe', TO_DATE('20/07/1987','DD/MM/YYYY'), TO_DATE('08/04/2009','DD/MM/YYYY'), 'Klampis Utama 47', '(313) 9703146', 'M', 'PEGAWAI');
insert into PEGAWAI values ('BP10', 'C048', 'Bertie', TO_DATE('10/03/1986','DD/MM/YYYY'), TO_DATE('26/11/2010','DD/MM/YYYY'), 'Klampis Utama 48', '(555) 6395263', 'F', 'PEGAWAI');
insert into PEGAWAI values ('TP05', 'C049', 'Tades', TO_DATE('21/01/1987','DD/MM/YYYY'), TO_DATE('23/01/2009','DD/MM/YYYY'), 'Klampis Utama 49', '(506) 6697985', 'M', 'PEGAWAI');
insert into PEGAWAI values ('RP09', 'C050', 'Rosalinda', TO_DATE('19/07/1988','DD/MM/YYYY'), TO_DATE('09/01/2010','DD/MM/YYYY'), 'Klampis Utama 50', '(682) 4542639', 'F', 'PEGAWAI');


--DATA HJUAL
INSERT INTO HJUAL VALUES('090330001','C001','AK01',to_date('30/03/2009','dd/mm/yyyy'),0);
INSERT INTO HJUAL VALUES('090331001','C001','SK01',to_date('31/03/2009','dd/mm/yyyy'),0);
INSERT INTO HJUAL VALUES('090425001','C001','AK01',to_date('25/04/2009','dd/mm/yyyy'),0);
INSERT INTO HJUAL VALUES('090518001','C001','SK01',to_date('18/05/2009','dd/mm/yyyy'),0);
INSERT INTO HJUAL VALUES('090617001','C001','LS01',to_date('17/06/2009','dd/mm/yyyy'),0);
INSERT INTO HJUAL VALUES('090827001','C002','SK01',to_date('27/08/2009','dd/mm/yyyy'),0);
INSERT INTO HJUAL VALUES('090919001','C002','AK01',to_date('19/09/2009','dd/mm/yyyy'),0);
INSERT INTO HJUAL VALUES('091029001','C002','SK01',to_date('29/10/2009','dd/mm/yyyy'),0);
INSERT INTO HJUAL VALUES('091124001','C002','LS01',to_date('24/11/2009','dd/mm/yyyy'),0);
INSERT INTO HJUAL VALUES('091125001','C002','SK01',to_date('25/11/2009','dd/mm/yyyy'),0);
INSERT INTO HJUAL VALUES('091210001','C002','AK01',to_date('10/12/2009','dd/mm/yyyy'),0);
INSERT INTO HJUAL VALUES('091223001','C003','SK01',to_date('23/12/2009','dd/mm/yyyy'),0);
INSERT INTO HJUAL VALUES('100215001','C003','AK01',to_date('15/02/2010','dd/mm/yyyy'),0);
INSERT INTO HJUAL VALUES('100319001','C003','SK01',to_date('19/03/2010','dd/mm/yyyy'),0);
INSERT INTO HJUAL VALUES('100321001','C003','AK01',to_date('21/03/2010','dd/mm/yyyy'),0);
INSERT INTO HJUAL VALUES('100402001','C003','LS01',to_date('02/04/2010','dd/mm/yyyy'),0);
INSERT INTO HJUAL VALUES('100416001','C003','AK01',to_date('16/04/2010','dd/mm/yyyy'),0);
INSERT INTO HJUAL VALUES('100422001','C003','SK01',to_date('22/04/2010','dd/mm/yyyy'),0);
INSERT INTO HJUAL VALUES('100623001','C004','AK01',to_date('23/06/2010','dd/mm/yyyy'),0);
INSERT INTO HJUAL VALUES('100723001','C004','SK01',to_date('23/07/2010','dd/mm/yyyy'),0);
INSERT INTO HJUAL VALUES('100728001','C004','AK01',to_date('28/07/2010','dd/mm/yyyy'),0);
INSERT INTO HJUAL VALUES('100818001','C004','SK01',to_date('18/08/2010','dd/mm/yyyy'),0);
INSERT INTO HJUAL VALUES('100819001','C004','SK01',to_date('19/08/2010','dd/mm/yyyy'),0);
INSERT INTO HJUAL VALUES('101208001','C004','RK01',to_date('08/12/2010','dd/mm/yyyy'),0);
INSERT INTO HJUAL VALUES('110123001','C004','AK01',to_date('23/01/2011','dd/mm/yyyy'),0);
INSERT INTO HJUAL VALUES('110220001','C004','SK01',to_date('20/02/2011','dd/mm/yyyy'),0);
INSERT INTO HJUAL VALUES('110328001','C004','AK01',to_date('28/03/2011','dd/mm/yyyy'),0);
INSERT INTO HJUAL VALUES('110418001','C004','SK01',to_date('18/04/2011','dd/mm/yyyy'),0);
INSERT INTO HJUAL VALUES('110519001','C005','CC01',to_date('19/05/2011','dd/mm/yyyy'),0);
INSERT INTO HJUAL VALUES('110608001','C005','RK01',to_date('08/06/2011','dd/mm/yyyy'),0);
INSERT INTO HJUAL VALUES('110718001','C005','SK01',to_date('18/07/2011','dd/mm/yyyy'),0);
INSERT INTO HJUAL VALUES('110819001','C005','SK01',to_date('19/08/2011','dd/mm/yyyy'),0);
INSERT INTO HJUAL VALUES('110908001','C006','RK01',to_date('08/09/2011','dd/mm/yyyy'),0);
INSERT INTO HJUAL VALUES('111018001','C006','SK01',to_date('18/10/2011','dd/mm/yyyy'),0);
INSERT INTO HJUAL VALUES('111119001','C006','SK01',to_date('19/11/2011','dd/mm/yyyy'),0);
INSERT INTO HJUAL VALUES('111208001','C006','RK01',to_date('08/12/2011','dd/mm/yyyy'),0);
INSERT INTO HJUAL VALUES('120123001','C004','AK01',to_date('23/01/2012','dd/mm/yyyy'),0);
INSERT INTO HJUAL VALUES('120220001','C004','SK01',to_date('20/02/2012','dd/mm/yyyy'),0);
INSERT INTO HJUAL VALUES('120328001','C004','AK01',to_date('28/03/2012','dd/mm/yyyy'),0);
INSERT INTO HJUAL VALUES('120418001','C004','SK01',to_date('18/04/2012','dd/mm/yyyy'),0);
INSERT INTO HJUAL VALUES('120519001','C005','CC01',to_date('19/05/2012','dd/mm/yyyy'),0);
INSERT INTO HJUAL VALUES('120608001','C005','RK01',to_date('08/06/2012','dd/mm/yyyy'),0);
INSERT INTO HJUAL VALUES('120718001','C005','SK01',to_date('18/07/2012','dd/mm/yyyy'),0);
INSERT INTO HJUAL VALUES('120819001','C005','SK01',to_date('19/08/2012','dd/mm/yyyy'),0);
INSERT INTO HJUAL VALUES('120908001','C006','RK01',to_date('08/09/2012','dd/mm/yyyy'),0);
INSERT INTO HJUAL VALUES('121018001','C006','SK01',to_date('18/10/2012','dd/mm/yyyy'),0);
INSERT INTO HJUAL VALUES('121119001','C006','SK01',to_date('19/11/2012','dd/mm/yyyy'),0);
INSERT INTO HJUAL VALUES('121208001','C006','RK01',to_date('08/12/2012','dd/mm/yyyy'),0);
INSERT INTO HJUAL VALUES('130123001','C004','AK01',to_date('23/01/2013','dd/mm/yyyy'),0);
INSERT INTO HJUAL VALUES('130220001','C004','SK01',to_date('20/02/2013','dd/mm/yyyy'),0);
INSERT INTO HJUAL VALUES('130328001','C004','AK01',to_date('28/03/2013','dd/mm/yyyy'),0);
INSERT INTO HJUAL VALUES('130418001','C004','SK01',to_date('18/04/2013','dd/mm/yyyy'),0);
INSERT INTO HJUAL VALUES('130519001','C005','CC01',to_date('19/05/2013','dd/mm/yyyy'),0);
INSERT INTO HJUAL VALUES('130608001','C005','RK01',to_date('08/06/2013','dd/mm/yyyy'),0);
INSERT INTO HJUAL VALUES('130718001','C005','SK01',to_date('18/07/2013','dd/mm/yyyy'),0);
INSERT INTO HJUAL VALUES('130819001','C005','SK01',to_date('19/08/2013','dd/mm/yyyy'),0);
INSERT INTO HJUAL VALUES('130908001','C006','RK01',to_date('08/09/2013','dd/mm/yyyy'),0);
INSERT INTO HJUAL VALUES('131018001','C006','SK01',to_date('18/10/2013','dd/mm/yyyy'),0);
INSERT INTO HJUAL VALUES('131119001','C006','SK01',to_date('19/11/2013','dd/mm/yyyy'),0);
INSERT INTO HJUAL VALUES('131208001','C006','RK01',to_date('08/12/2013','dd/mm/yyyy'),0);
INSERT INTO HJUAL VALUES('140123001','C004','AK01',to_date('23/01/2014','dd/mm/yyyy'),0);
INSERT INTO HJUAL VALUES('140220001','C004','SK01',to_date('20/02/2014','dd/mm/yyyy'),0);
INSERT INTO HJUAL VALUES('140328001','C004','AK01',to_date('28/03/2014','dd/mm/yyyy'),0);
INSERT INTO HJUAL VALUES('140418001','C004','SK01',to_date('18/04/2014','dd/mm/yyyy'),0);
INSERT INTO HJUAL VALUES('140519001','C005','CC01',to_date('19/05/2014','dd/mm/yyyy'),0);
INSERT INTO HJUAL VALUES('140608001','C005','RK01',to_date('08/06/2014','dd/mm/yyyy'),0);
INSERT INTO HJUAL VALUES('140718001','C005','SK01',to_date('18/07/2014','dd/mm/yyyy'),0);
INSERT INTO HJUAL VALUES('140819001','C005','SK01',to_date('19/08/2014','dd/mm/yyyy'),0);
INSERT INTO HJUAL VALUES('140908001','C006','RK01',to_date('08/09/2014','dd/mm/yyyy'),0);
INSERT INTO HJUAL VALUES('141018001','C006','SK01',to_date('18/10/2014','dd/mm/yyyy'),0);
INSERT INTO HJUAL VALUES('141119001','C006','SK01',to_date('19/11/2014','dd/mm/yyyy'),0);
INSERT INTO HJUAL VALUES('141208001','C006','RK01',to_date('08/12/2014','dd/mm/yyyy'),0);
INSERT INTO HJUAL VALUES('150123001','C004','AK01',to_date('23/01/2015','dd/mm/yyyy'),0);
INSERT INTO HJUAL VALUES('150220001','C004','SK01',to_date('20/02/2015','dd/mm/yyyy'),0);
INSERT INTO HJUAL VALUES('150328001','C004','AK01',to_date('28/03/2015','dd/mm/yyyy'),0);
INSERT INTO HJUAL VALUES('150418001','C004','SK01',to_date('18/04/2015','dd/mm/yyyy'),0);
INSERT INTO HJUAL VALUES('150519001','C005','CC01',to_date('19/05/2015','dd/mm/yyyy'),0);
INSERT INTO HJUAL VALUES('150608001','C005','RK01',to_date('08/06/2015','dd/mm/yyyy'),0);
INSERT INTO HJUAL VALUES('150718001','C005','SK01',to_date('18/07/2015','dd/mm/yyyy'),0);
INSERT INTO HJUAL VALUES('150819001','C005','SK01',to_date('19/08/2015','dd/mm/yyyy'),0);
INSERT INTO HJUAL VALUES('150908001','C006','RK01',to_date('08/09/2015','dd/mm/yyyy'),0);
INSERT INTO HJUAL VALUES('151018001','C006','SK01',to_date('18/10/2015','dd/mm/yyyy'),0);
INSERT INTO HJUAL VALUES('151119001','C006','SK01',to_date('19/11/2015','dd/mm/yyyy'),0);
INSERT INTO HJUAL VALUES('151208001','C006','RK01',to_date('08/12/2015','dd/mm/yyyy'),0);
INSERT INTO HJUAL VALUES('160123001','C004','AK01',to_date('23/01/2016','dd/mm/yyyy'),0);
INSERT INTO HJUAL VALUES('160220001','C004','SK01',to_date('20/02/2016','dd/mm/yyyy'),0);
INSERT INTO HJUAL VALUES('160328001','C004','AK01',to_date('28/03/2016','dd/mm/yyyy'),0);
INSERT INTO HJUAL VALUES('160418001','C004','SK01',to_date('18/04/2016','dd/mm/yyyy'),0);
INSERT INTO HJUAL VALUES('160519001','C005','CC01',to_date('19/05/2016','dd/mm/yyyy'),0);
INSERT INTO HJUAL VALUES('160608001','C005','RK01',to_date('08/06/2016','dd/mm/yyyy'),0);
INSERT INTO HJUAL VALUES('160718001','C005','SK01',to_date('18/07/2016','dd/mm/yyyy'),0);
INSERT INTO HJUAL VALUES('160819001','C005','SK01',to_date('19/08/2016','dd/mm/yyyy'),0);
INSERT INTO HJUAL VALUES('160908001','C006','RK01',to_date('08/09/2016','dd/mm/yyyy'),0);
INSERT INTO HJUAL VALUES('161018001','C006','SK01',to_date('18/10/2016','dd/mm/yyyy'),0);
INSERT INTO HJUAL VALUES('161119001','C006','SK01',to_date('19/11/2016','dd/mm/yyyy'),0);
INSERT INTO HJUAL VALUES('161208001','C006','RK01',to_date('08/12/2016','dd/mm/yyyy'),0);
INSERT INTO HJUAL VALUES('170123001','C004','AK01',to_date('23/01/2017','dd/mm/yyyy'),0);
INSERT INTO HJUAL VALUES('170220001','C004','SK01',to_date('20/02/2017','dd/mm/yyyy'),0);
INSERT INTO HJUAL VALUES('170328001','C004','AK01',to_date('28/03/2017','dd/mm/yyyy'),0);
INSERT INTO HJUAL VALUES('170418001','C004','SK01',to_date('18/04/2017','dd/mm/yyyy'),0);
INSERT INTO HJUAL VALUES('170519001','C005','CC01',to_date('19/05/2017','dd/mm/yyyy'),0);
INSERT INTO HJUAL VALUES('170608001','C005','RK01',to_date('08/06/2017','dd/mm/yyyy'),0);
INSERT INTO HJUAL VALUES('170718001','C005','SK01',to_date('18/07/2017','dd/mm/yyyy'),0);
INSERT INTO HJUAL VALUES('170819001','C005','SK01',to_date('19/08/2017','dd/mm/yyyy'),0);
INSERT INTO HJUAL VALUES('170908001','C006','RK01',to_date('08/09/2017','dd/mm/yyyy'),0);
INSERT INTO HJUAL VALUES('171018001','C006','SK01',to_date('18/10/2017','dd/mm/yyyy'),0);
INSERT INTO HJUAL VALUES('171119001','C006','SK01',to_date('19/11/2017','dd/mm/yyyy'),0);
INSERT INTO HJUAL VALUES('171208001','C006','RK01',to_date('08/12/2017','dd/mm/yyyy'),0);
INSERT INTO HJUAL VALUES('180123001','C004','AK01',to_date('23/01/2018','dd/mm/yyyy'),0);
INSERT INTO HJUAL VALUES('180220001','C004','SK01',to_date('20/02/2018','dd/mm/yyyy'),0);
INSERT INTO HJUAL VALUES('180328001','C004','AK01',to_date('28/03/2018','dd/mm/yyyy'),0);
INSERT INTO HJUAL VALUES('180418001','C004','SK01',to_date('18/04/2018','dd/mm/yyyy'),0);
INSERT INTO HJUAL VALUES('180519001','C005','CC01',to_date('19/05/2018','dd/mm/yyyy'),0);
INSERT INTO HJUAL VALUES('180608001','C005','RK01',to_date('08/06/2018','dd/mm/yyyy'),0);
INSERT INTO HJUAL VALUES('180718001','C005','SK01',to_date('18/07/2018','dd/mm/yyyy'),0);
INSERT INTO HJUAL VALUES('180819001','C005','SK01',to_date('19/08/2018','dd/mm/yyyy'),0);
INSERT INTO HJUAL VALUES('180908001','C006','RK01',to_date('08/09/2018','dd/mm/yyyy'),0);
INSERT INTO HJUAL VALUES('181018001','C006','SK01',to_date('18/10/2018','dd/mm/yyyy'),0);
INSERT INTO HJUAL VALUES('181119001','C006','SK01',to_date('19/11/2018','dd/mm/yyyy'),0);
INSERT INTO HJUAL VALUES('181208001','C006','RK01',to_date('08/12/2018','dd/mm/yyyy'),0);

--DATA RESEP
INSERT INTO RESEP VALUES(0,'T02',4);
INSERT INTO RESEP VALUES(0,'T01',2);
INSERT INTO RESEP VALUES(1,'T02',5);
INSERT INTO RESEP VALUES(1,'T01',2);
INSERT INTO RESEP VALUES(2,'T03',3);
INSERT INTO RESEP VALUES(2,'T01',2);
INSERT INTO RESEP VALUES(3,'T03',5);
INSERT INTO RESEP VALUES(3,'T01',2);
INSERT INTO RESEP VALUES(4,'T02',3);
INSERT INTO RESEP VALUES(4,'T01',2);
INSERT INTO RESEP VALUES(5,'T03',4);
INSERT INTO RESEP VALUES(5,'T01',2);
INSERT INTO RESEP VALUES(6,'T02',5);
INSERT INTO RESEP VALUES(6,'T01',2);
INSERT INTO RESEP VALUES(7,'T03',3);
INSERT INTO RESEP VALUES(7,'T01',2);
INSERT INTO RESEP VALUES(8,'T02',4);
INSERT INTO RESEP VALUES(8,'T01',2);
INSERT INTO RESEP VALUES(9,'T02',5);
INSERT INTO RESEP VALUES(9,'T01',2);
INSERT INTO RESEP VALUES(10,'K03',3);
INSERT INTO RESEP VALUES(10,'T01',2);
INSERT INTO RESEP VALUES(11,'C01',4);
INSERT INTO RESEP VALUES(11,'T01',2);
INSERT INTO RESEP VALUES(12,'K03',5);
INSERT INTO RESEP VALUES(12,'T01',2);
INSERT INTO RESEP VALUES(13,'A02',4);
INSERT INTO RESEP VALUES(13,'T01',2);
INSERT INTO RESEP VALUES(14,'A02',3);
INSERT INTO RESEP VALUES(14,'T01',2);
INSERT INTO RESEP VALUES(15,'M01',4);
INSERT INTO RESEP VALUES(15,'T01',2);
INSERT INTO RESEP VALUES(16,'B01',5);
INSERT INTO RESEP VALUES(16,'T01',2);
INSERT INTO RESEP VALUES(17,'C01',4);
INSERT INTO RESEP VALUES(17,'T01',2);
INSERT INTO RESEP VALUES(18,'C01',3);
INSERT INTO RESEP VALUES(18,'T01',2);
INSERT INTO RESEP VALUES(19,'K02',4);
INSERT INTO RESEP VALUES(19,'T01',2);
INSERT INTO RESEP VALUES(20,'A02',5);
INSERT INTO RESEP VALUES(20,'T01',2);
INSERT INTO RESEP VALUES(21,'P04',4);
INSERT INTO RESEP VALUES(21,'T01',2);
INSERT INTO RESEP VALUES(22,'A01',2);
INSERT INTO RESEP VALUES(22,'T01',2);
INSERT INTO RESEP VALUES(23,'K03',3);
INSERT INTO RESEP VALUES(23,'T01',2);
INSERT INTO RESEP VALUES(24,'C01',4);
INSERT INTO RESEP VALUES(24,'T01',2);
INSERT INTO RESEP VALUES(25,'K03',5);
INSERT INTO RESEP VALUES(25,'T01',2);
INSERT INTO RESEP VALUES(26,'A02',4);
INSERT INTO RESEP VALUES(26,'T01',2);
INSERT INTO RESEP VALUES(27,'A02',3);
INSERT INTO RESEP VALUES(27,'T01',2);
INSERT INTO RESEP VALUES(28,'M01',4);
INSERT INTO RESEP VALUES(28,'T01',2);
INSERT INTO RESEP VALUES(29,'B01',5);
INSERT INTO RESEP VALUES(29,'T01',2);
INSERT INTO RESEP VALUES(30,'C01',4);
INSERT INTO RESEP VALUES(30,'T01',2);
INSERT INTO RESEP VALUES(31,'C01',3);
INSERT INTO RESEP VALUES(31,'T01',2);
INSERT INTO RESEP VALUES(32,'K02',4);
INSERT INTO RESEP VALUES(32,'T01',2);
INSERT INTO RESEP VALUES(33,'A02',5);
INSERT INTO RESEP VALUES(33,'T01',2);
INSERT INTO RESEP VALUES(34,'P04',4);
INSERT INTO RESEP VALUES(34,'T01',2);
INSERT INTO RESEP VALUES(35,'A01',2);
INSERT INTO RESEP VALUES(35,'T01',2);
INSERT INTO RESEP VALUES(36,'K03',3);
INSERT INTO RESEP VALUES(36,'T01',2);
INSERT INTO RESEP VALUES(37,'C01',4);
INSERT INTO RESEP VALUES(37,'T01',2);
INSERT INTO RESEP VALUES(38,'K03',5);
INSERT INTO RESEP VALUES(38,'T01',2);
INSERT INTO RESEP VALUES(39,'A02',4);
INSERT INTO RESEP VALUES(39,'T01',2);
INSERT INTO RESEP VALUES(40,'A02',3);
INSERT INTO RESEP VALUES(40,'T01',2);
INSERT INTO RESEP VALUES(41,'M01',4);
INSERT INTO RESEP VALUES(41,'T01',2);
INSERT INTO RESEP VALUES(42,'B01',5);
INSERT INTO RESEP VALUES(42,'T01',2);
INSERT INTO RESEP VALUES(43,'C01',4);
INSERT INTO RESEP VALUES(43,'T01',2);
INSERT INTO RESEP VALUES(44,'C01',3);
INSERT INTO RESEP VALUES(44,'T01',2);
INSERT INTO RESEP VALUES(45,'K02',4);
INSERT INTO RESEP VALUES(45,'T01',2);
INSERT INTO RESEP VALUES(46,'A02',5);
INSERT INTO RESEP VALUES(46,'T01',2);
INSERT INTO RESEP VALUES(47,'P04',4);
INSERT INTO RESEP VALUES(47,'T01',2);
INSERT INTO RESEP VALUES(48,'A01',2);
INSERT INTO RESEP VALUES(48,'T01',2);
INSERT INTO RESEP VALUES(49,'P04',4);
INSERT INTO RESEP VALUES(49,'T01',2);
INSERT INTO RESEP VALUES(50,'A01',2);
INSERT INTO RESEP VALUES(50,'T01',2);

--DATA DJUAL
INSERT INTO DJUAL VALUES('090330001',2,3,10000);
INSERT INTO DJUAL VALUES('090331001',37,5,12000);
INSERT INTO DJUAL VALUES('090425001',4,3,5500);
INSERT INTO DJUAL VALUES('090518001',12,3,7500);
INSERT INTO DJUAL VALUES('090617001',21,5,6000);
INSERT INTO DJUAL VALUES('090827001',29,6,130000);
INSERT INTO DJUAL VALUES('090919001',25,3,150000);
INSERT INTO DJUAL VALUES('091029001',16,3,8000);
INSERT INTO DJUAL VALUES('091124001',1,4,12000);
INSERT INTO DJUAL VALUES('091125001',24,6,250000);
INSERT INTO DJUAL VALUES('091210001',26,6,275000);
INSERT INTO DJUAL VALUES('091223001',3,4,10000);
INSERT INTO DJUAL VALUES('100215001',36,3,4000);
INSERT INTO DJUAL VALUES('100319001',9,4,6500);
INSERT INTO DJUAL VALUES('100321001',32,4,5000);
INSERT INTO DJUAL VALUES('100402001',4,3,5500);
INSERT INTO DJUAL VALUES('100416001',0,3,12000);
INSERT INTO DJUAL VALUES('100422001',12,6,7500);
INSERT INTO DJUAL VALUES('100623001',22,6,6000);
INSERT INTO DJUAL VALUES('100723001',36,3,4000);
INSERT INTO DJUAL VALUES('100728001',27,3,150000);
INSERT INTO DJUAL VALUES('100818001',11,5,5000);
INSERT INTO DJUAL VALUES('100819001',36,6,4000);
INSERT INTO DJUAL VALUES('101208001',10,3,6000);
INSERT INTO DJUAL VALUES('110123001',11,5,5000);
INSERT INTO DJUAL VALUES('110220001',24,4,250000);
INSERT INTO DJUAL VALUES('110328001',18,4,7500);
INSERT INTO DJUAL VALUES('110418001',25,6,150000);
INSERT INTO DJUAL VALUES('110519001',3,6,10000);
INSERT INTO DJUAL VALUES('110608001',17,3,8500);
INSERT INTO DJUAL VALUES('110718001',16,3,8000);
INSERT INTO DJUAL VALUES('110819001',8,4,7500);
INSERT INTO DJUAL VALUES('110908001',23,6,125000);
INSERT INTO DJUAL VALUES('111018001',30,6,8000);
INSERT INTO DJUAL VALUES('111119001',5,4,8000);
INSERT INTO DJUAL VALUES('111208001',17,3,8500);
INSERT INTO DJUAL VALUES('120123001',22,5,6000);
INSERT INTO DJUAL VALUES('120220001',36,6,4000);
INSERT INTO DJUAL VALUES('120328001',0,6,12000);
INSERT INTO DJUAL VALUES('120418001',15,3,3000);
INSERT INTO DJUAL VALUES('120519001',0,3,12000);
INSERT INTO DJUAL VALUES('120608001',26,3,275000);
INSERT INTO DJUAL VALUES('120718001',18,6,7500);
INSERT INTO DJUAL VALUES('120819001',2,4,10000);
INSERT INTO DJUAL VALUES('120908001',10,3,6000);
INSERT INTO DJUAL VALUES('121018001',21,3,6000);
INSERT INTO DJUAL VALUES('121119001',37,4,12000);
INSERT INTO DJUAL VALUES('121208001',3,3,10000);
INSERT INTO DJUAL VALUES('130123001',21,4,6000);
INSERT INTO DJUAL VALUES('130220001',12,6,7500);
INSERT INTO DJUAL VALUES('130328001',20,6,5500);
INSERT INTO DJUAL VALUES('130418001',25,3,150000);
INSERT INTO DJUAL VALUES('130519001',22,6,6000);
INSERT INTO DJUAL VALUES('130608001',21,6,6000);
INSERT INTO DJUAL VALUES('130718001',24,6,250000);
INSERT INTO DJUAL VALUES('130819001',13,5,7500);
INSERT INTO DJUAL VALUES('130908001',32,3,5000);
INSERT INTO DJUAL VALUES('131018001',11,5,5000);
INSERT INTO DJUAL VALUES('131119001',17,6,8500);
INSERT INTO DJUAL VALUES('131208001',18,3,7500);
INSERT INTO DJUAL VALUES('140123001',30,6,8000);
INSERT INTO DJUAL VALUES('140220001',22,5,6000);
INSERT INTO DJUAL VALUES('140328001',30,3,8000);
INSERT INTO DJUAL VALUES('140418001',34,4,12500);
INSERT INTO DJUAL VALUES('140519001',2,5,10000);
INSERT INTO DJUAL VALUES('140608001',2,3,10000);
INSERT INTO DJUAL VALUES('140718001',37,5,12000);
INSERT INTO DJUAL VALUES('140819001',4,3,5500);
INSERT INTO DJUAL VALUES('140908001',12,3,7500);
INSERT INTO DJUAL VALUES('141018001',21,5,6000);
INSERT INTO DJUAL VALUES('141119001',29,6,130000);
INSERT INTO DJUAL VALUES('141208001',25,3,150000);
INSERT INTO DJUAL VALUES('150123001',16,3,8000);
INSERT INTO DJUAL VALUES('150220001',1,4,12000);
INSERT INTO DJUAL VALUES('150328001',24,6,250000);
INSERT INTO DJUAL VALUES('150418001',26,6,275000);
INSERT INTO DJUAL VALUES('150519001',3,4,10000);
INSERT INTO DJUAL VALUES('150608001',36,3,4000);
INSERT INTO DJUAL VALUES('150718001',9,4,6500);
INSERT INTO DJUAL VALUES('150819001',32,4,5000);
INSERT INTO DJUAL VALUES('150908001',4,3,5500);
INSERT INTO DJUAL VALUES('151018001',0,3,12000);
INSERT INTO DJUAL VALUES('151119001',12,6,7500);
INSERT INTO DJUAL VALUES('151208001',22,6,6000);
INSERT INTO DJUAL VALUES('160123001',36,3,4000);
INSERT INTO DJUAL VALUES('160220001',27,3,150000);
INSERT INTO DJUAL VALUES('160328001',11,5,5000);
INSERT INTO DJUAL VALUES('160418001',36,6,4000);
INSERT INTO DJUAL VALUES('160519001',10,3,6000);
INSERT INTO DJUAL VALUES('160608001',11,5,5000);
INSERT INTO DJUAL VALUES('160718001',24,4,250000);
INSERT INTO DJUAL VALUES('160819001',18,4,7500);
INSERT INTO DJUAL VALUES('160908001',25,6,150000);
INSERT INTO DJUAL VALUES('161018001',3,6,10000);
INSERT INTO DJUAL VALUES('161119001',17,3,8500);
INSERT INTO DJUAL VALUES('161208001',16,3,8000);
INSERT INTO DJUAL VALUES('170123001',8,4,7500);
INSERT INTO DJUAL VALUES('170220001',23,6,125000);
INSERT INTO DJUAL VALUES('170328001',30,6,8000);
INSERT INTO DJUAL VALUES('170418001',5,4,8000);
INSERT INTO DJUAL VALUES('170519001',17,3,8500);
INSERT INTO DJUAL VALUES('170608001',22,5,6000);
INSERT INTO DJUAL VALUES('170718001',36,6,4000);
INSERT INTO DJUAL VALUES('170819001',0,6,12000);
INSERT INTO DJUAL VALUES('170908001',15,3,3000);
INSERT INTO DJUAL VALUES('171018001',0,3,12000);
INSERT INTO DJUAL VALUES('171119001',26,3,275000);
INSERT INTO DJUAL VALUES('171208001',18,6,7500);
INSERT INTO DJUAL VALUES('180123001',2,4,10000);
INSERT INTO DJUAL VALUES('180220001',10,3,6000);
INSERT INTO DJUAL VALUES('180328001',21,3,6000);
INSERT INTO DJUAL VALUES('180418001',37,4,12000);
INSERT INTO DJUAL VALUES('180519001',3,3,10000);
INSERT INTO DJUAL VALUES('180608001',21,4,6000);
INSERT INTO DJUAL VALUES('180718001',12,6,7500);
INSERT INTO DJUAL VALUES('180819001',20,6,5500);
INSERT INTO DJUAL VALUES('180908001',25,3,150000);
INSERT INTO DJUAL VALUES('181018001',22,6,6000);
INSERT INTO DJUAL VALUES('181119001',21,6,250000);
INSERT INTO DJUAL VALUES('181208001',13,5,7500);

--DATA HBELI
INSERT INTO HBELI VALUES('090824001','SP003',to_date('24/08/2009','dd/mm/yyyy'),0);
INSERT INTO HBELI VALUES('090915001','SP003',to_date('15/09/2009','dd/mm/yyyy'),0);
INSERT INTO HBELI VALUES('090919001','SP005',to_date('19/09/2009','dd/mm/yyyy'),0);
INSERT INTO HBELI VALUES('091023001','SP005',to_date('23/10/2009','dd/mm/yyyy'),0);
INSERT INTO HBELI VALUES('091028001','SP003',to_date('28/10/2009','dd/mm/yyyy'),0);
INSERT INTO HBELI VALUES('091115001','SP001',to_date('15/11/2009','dd/mm/yyyy'),0);
INSERT INTO HBELI VALUES('091121001','SP002',to_date('21/11/2009','dd/mm/yyyy'),0);
INSERT INTO HBELI VALUES('091220001','SP001',to_date('20/12/2009','dd/mm/yyyy'),0);
INSERT INTO HBELI VALUES('091221001','SP001',to_date('21/12/2009','dd/mm/yyyy'),0);
INSERT INTO HBELI VALUES('091228001','SP001',to_date('28/12/2009','dd/mm/yyyy'),0);
INSERT INTO HBELI VALUES('100215001','SP003',to_date('15/02/2010','dd/mm/yyyy'),0);
INSERT INTO HBELI VALUES('100313001','SP005',to_date('13/03/2010','dd/mm/yyyy'),0);
INSERT INTO HBELI VALUES('100325001','SP006',to_date('25/03/2010','dd/mm/yyyy'),0);
INSERT INTO HBELI VALUES('100328001','SP006',to_date('28/03/2010','dd/mm/yyyy'),0);
INSERT INTO HBELI VALUES('100428001','SP003',to_date('28/04/2010','dd/mm/yyyy'),0);
INSERT INTO HBELI VALUES('100719001','SP004',to_date('19/07/2010','dd/mm/yyyy'),0);
INSERT INTO HBELI VALUES('100818001','SP004',to_date('18/08/2010','dd/mm/yyyy'),0);
INSERT INTO HBELI VALUES('100916001','SP002',to_date('16/09/2010','dd/mm/yyyy'),0);
INSERT INTO HBELI VALUES('101113001','SP003',to_date('13/11/2010','dd/mm/yyyy'),0);
INSERT INTO HBELI VALUES('101122001','SP002',to_date('22/11/2010','dd/mm/yyyy'),0);
INSERT INTO HBELI VALUES('101130001','SP002',to_date('30/11/2010','dd/mm/yyyy'),0);
INSERT INTO HBELI VALUES('101218001','SP005',to_date('18/12/2010','dd/mm/yyyy'),0);
INSERT INTO HBELI VALUES('101219001','SP002',to_date('19/12/2010','dd/mm/yyyy'),0);
INSERT INTO HBELI VALUES('101224001','SP001',to_date('24/12/2010','dd/mm/yyyy'),0);

/*
INSERT INTO HBELI VALUES('090824651','SP003',to_date('24/08/2009','dd/mm/yyyy'),0);
INSERT INTO HBELI VALUES('090915547','SP003',to_date('15/09/2009','dd/mm/yyyy'),0);
INSERT INTO HBELI VALUES('090919778','SP005',to_date('19/09/2009','dd/mm/yyyy'),0);
INSERT INTO HBELI VALUES('091023008','SP005',to_date('23/10/2009','dd/mm/yyyy'),0);
INSERT INTO HBELI VALUES('091028562','SP003',to_date('28/10/2009','dd/mm/yyyy'),0);
INSERT INTO HBELI VALUES('091115055','SP001',to_date('15/11/2009','dd/mm/yyyy'),0);
INSERT INTO HBELI VALUES('091121932','SP002',to_date('21/11/2009','dd/mm/yyyy'),0);
INSERT INTO HBELI VALUES('091220180','SP001',to_date('20/12/2009','dd/mm/yyyy'),0);
INSERT INTO HBELI VALUES('091221395','SP001',to_date('21/12/2009','dd/mm/yyyy'),0);
INSERT INTO HBELI VALUES('091228233','SP001',to_date('28/12/2009','dd/mm/yyyy'),0);
INSERT INTO HBELI VALUES('100215651','SP003',to_date('15/02/2010','dd/mm/yyyy'),0);
INSERT INTO HBELI VALUES('100313256','SP005',to_date('13/03/2010','dd/mm/yyyy'),0);
INSERT INTO HBELI VALUES('100325150','SP006',to_date('25/03/2010','dd/mm/yyyy'),0);
INSERT INTO HBELI VALUES('100328214','SP006',to_date('28/03/2010','dd/mm/yyyy'),0);
INSERT INTO HBELI VALUES('100428197','SP003',to_date('28/04/2010','dd/mm/yyyy'),0);
INSERT INTO HBELI VALUES('100719064','SP004',to_date('19/07/2010','dd/mm/yyyy'),0);
INSERT INTO HBELI VALUES('100818226','SP004',to_date('18/08/2010','dd/mm/yyyy'),0);
INSERT INTO HBELI VALUES('100916450','SP002',to_date('16/09/2010','dd/mm/yyyy'),0);
INSERT INTO HBELI VALUES('101113170','SP003',to_date('13/11/2010','dd/mm/yyyy'),0);
INSERT INTO HBELI VALUES('101122524','SP002',to_date('22/11/2010','dd/mm/yyyy'),0);
INSERT INTO HBELI VALUES('101130675','SP002',to_date('30/11/2010','dd/mm/yyyy'),0);
INSERT INTO HBELI VALUES('101218398','SP005',to_date('18/12/2010','dd/mm/yyyy'),0);
INSERT INTO HBELI VALUES('101219929','SP002',to_date('19/12/2010','dd/mm/yyyy'),0);
INSERT INTO HBELI VALUES('101224135','SP001',to_date('24/12/2010','dd/mm/yyyy'),0);
*/

--DATA STOKCABANG
INSERT INTO STOKCABANG VALUES('C001',to_date('24/06/2010','dd/mm/yyyy'),0,20,8);
INSERT INTO STOKCABANG VALUES('C002',to_date('23/07/2009','dd/mm/yyyy'),1,15,9);
INSERT INTO STOKCABANG VALUES('C003',to_date('27/09/2010','dd/mm/yyyy'),2,10,3);
INSERT INTO STOKCABANG VALUES('C004',to_date('03/05/2010','dd/mm/yyyy'),3,12,2);
INSERT INTO STOKCABANG VALUES('C005',to_date('09/07/2009','dd/mm/yyyy'),4,13,9);

--DATA HPRODUKSI
INSERT INTO HPRODUKSI VALUES('PR001',to_date('21/07/2010','dd/mm/yyyy'),3000000,1000);
INSERT INTO HPRODUKSI VALUES('PR002',to_date('25/07/2010','dd/mm/yyyy'),3000000,1000);
INSERT INTO HPRODUKSI VALUES('PR003',to_date('23/08/2009','dd/mm/yyyy'),2500000,900);
INSERT INTO HPRODUKSI VALUES('PR004',to_date('26/07/2010','dd/mm/yyyy'),3000000,1000);

--DATA DPRODUKSI
INSERT INTO DPRODUKSI VALUES('PR001',1,500);
INSERT INTO DPRODUKSI VALUES('PR001',2,100);
INSERT INTO DPRODUKSI VALUES('PR001',3,100);
INSERT INTO DPRODUKSI VALUES('PR001',5,100);
INSERT INTO DPRODUKSI VALUES('PR001',7,100);
INSERT INTO DPRODUKSI VALUES('PR001',8,100);
INSERT INTO DPRODUKSI VALUES('PR002',1,200);
INSERT INTO DPRODUKSI VALUES('PR002',2,200);
INSERT INTO DPRODUKSI VALUES('PR002',3,200);
INSERT INTO DPRODUKSI VALUES('PR002',4,100);
INSERT INTO DPRODUKSI VALUES('PR002',9,100);
INSERT INTO DPRODUKSI VALUES('PR002',10,100);
INSERT INTO DPRODUKSI VALUES('PR002',11,100);
INSERT INTO DPRODUKSI VALUES('PR003',12,300);
INSERT INTO DPRODUKSI VALUES('PR003',13,200);
INSERT INTO DPRODUKSI VALUES('PR003',14,100);
INSERT INTO DPRODUKSI VALUES('PR003',15,100);
INSERT INTO DPRODUKSI VALUES('PR003',16,100);
INSERT INTO DPRODUKSI VALUES('PR003',17,100);

--DATA DBELI
INSERT INTO DBELI VALUES('K04',100215001,43,22500);
INSERT INTO DBELI VALUES('C01',100215001,66,11000);
INSERT INTO DBELI VALUES('K05',100313001,56,28000);
INSERT INTO DBELI VALUES('G01',100313001,25,7500);
INSERT INTO DBELI VALUES('K06',100325001,33,30000);
INSERT INTO DBELI VALUES('G02',100325001,55,10000);
INSERT INTO DBELI VALUES('K07',100328001,54,27500);
INSERT INTO DBELI VALUES('K08',100328001,46,2000);
INSERT INTO DBELI VALUES('K07',100428001,46,27500);
INSERT INTO DBELI VALUES('K08',100428001,48,2000);
INSERT INTO DBELI VALUES('M01',100719001,67,20000);
INSERT INTO DBELI VALUES('P01',100719001,26,10000);

UPDATE HJUAL
SET TOTALJUAL = (SELECT SUM(JUMJUAL*HARGAJUAL) FROM DJUAL 
                 WHERE HJUAL.NONOTAJUAL = DJUAL.NONOTAJUAL)
WHERE NONOTAJUAL IN (SELECT NONOTAJUAL FROM DJUAL);
     
UPDATE HBELI H
SET TOTALBELI = (SELECT SUM(JUMBELI * HARGABELI) FROM DBELI 
                 WHERE DBELI.NONOTABELI = H.NONOTABELI)
WHERE NONOTABELI IN (SELECT NONOTABELI FROM DBELI);
 
 
--VIEW 1
-->> Menampilkan data nama cabang, nama roti, tanggal jual, jumlah roti terjual pada bulan tertentu
CREATE OR REPLACE VIEW ROTI_TERJUAL
AS
  SELECT NVL(CAB.NAMACABANG,'-')NAMACABANG,NAMAROTI,NVL(TO_CHAR(TGLJUAL,'MM-YYYY'),'-') PERIODE, NVL(SUM(JUMJUAL),0) TOTAL_JUAL
  FROM ROTI 
  left join DJUAL
  on ROTI.KODEROTI    = DJUAL.KODEROTI
  left join HJUAL
  on HJUAL.NONOTAJUAL = DJUAL.NONOTAJUAL
  left join CABANG CAB
  on CAB.KODECABANG   = HJUAL.KODECABANG
  GROUP BY CAB.NAMACABANG,NAMAROTI,TO_CHAR(TGLJUAL,'MM-YYYY');

SELECT * FROM ROTI_TERJUAL
ORDER BY NAMACABANG ASC, PERIODE DESC, TOTAL_JUAL DESC;
 

 --VIEW 2
 -->> Menampilkan data nama cabang, nama roti yang terlaris untuk setiap cabang
CREATE OR REPLACE VIEW ROTI_PERCABANG_TERJUAL
AS
  SELECT CAB.NAMACABANG,NAMAROTI,SUM(JUMJUAL) TOTAL_JUAL
  FROM ROTI,HJUAL,DJUAL,CABANG CAB
  WHERE ROTI.KODEROTI    = DJUAL.KODEROTI AND
        HJUAL.NONOTAJUAL = DJUAL.NONOTAJUAL AND
		CAB.KODECABANG   = HJUAL.KODECABANG
  GROUP BY CAB.NAMACABANG,NAMAROTI;

CREATE OR REPLACE VIEW ROTI_TERLARIS_PERCABANG 
AS
SELECT NAMACABANG,NAMAROTI,TOTAL_JUAL||' BIJI' AS TOTAL_JUAL 
FROM ROTI_PERCABANG_TERJUAL
WHERE (NAMACABANG,TOTAL_JUAL) IN 
  (SELECT NAMACABANG,MAX(TOTAL_JUAL) FROM ROTI_PERCABANG_TERJUAL
   GROUP BY NAMACABANG);
   
SELECT * FROM ROTI_TERLARIS_PERCABANG;
 
--VIEW 3
-- Menampilkan data nama cabang, tanggal, jumlah uang yang diterima per cabang

CREATE OR REPLACE VIEW TERIMA_PERCABANG
AS 
SELECT NAMACABANG, TO_CHAR(TGLJUAL,'DD/MM/YYYY') TGLJUAL,SUM(TOTALJUAL) TOTALTERIMA 
FROM HJUAL INNER JOIN CABANG ON HJUAL.KODECABANG=CABANG.KODECABANG
GROUP BY NAMACABANG, TO_CHAR(TGLJUAL,'DD/MM/YYYY')
ORDER BY NAMACABANG,TGLJUAL ASC;

SELECT * FROM TERIMA_PERCABANG;

--SEQUENCE 
--SEQUENCE KODE CABANG
DROP SEQUENCE SEQ_KODECABANG;
CREATE SEQUENCE SEQ_KODECABANG NOCACHE START WITH 51 INCREMENT BY 1;
CREATE OR REPLACE FUNCTION AUTOGEN_KODECABANG
RETURN VARCHAR2 IS
  NEXTANGKA NUMBER(3);
BEGIN 
   SELECT SEQ_KODECABANG.NEXTVAL INTO NEXTANGKA FROM DUAL;
   RETURN 'C' || LPAD(NEXTANGKA,3,'0');
END;
/
SHOW ERR;

INSERT INTO CABANG VALUES(AUTOGEN_KODECABANG,'CITRALAND','JALAN BUKIT GOLF 12','03137286177');

--SEQUENCE KODE_SUPPLIER
/*
CREATE SEQUENCE SEQ_KODESUP NOCACHE;
CREATE OR REPLACE TRIGGER SEQ_KODESUP
BEFORE INSERT ON SUPPLIER
FOR EACH ROW
BEGIN
  SELECT TO_CHAR(SEQ_KODESUP.NEXTVAL,'FM000')
  INTO :NEW.KODESUP
  FROM DUAL;
END;
*/

DROP SEQUENCE SEQ_KODESUPPLIER;
CREATE SEQUENCE SEQ_KODESUPPLIER NOCACHE START WITH 24 INCREMENT BY 1;
CREATE OR REPLACE FUNCTION AUTOGEN_KODESUPPLIER
RETURN VARCHAR2 IS
  NEXTANGKA NUMBER(3);
BEGIN 
   SELECT SEQ_KODESUPPLIER.NEXTVAL INTO NEXTANGKA FROM DUAL;
   RETURN 'SP' || LPAD(NEXTANGKA,3,'0');
END;
/
SHOW ERR;
INSERT INTO SUPPLIER VALUES(AUTOGEN_KODESUPPLIER,'PT. HARUM SARI','KETINTANG RAYA 98','HERMADI','0317876911');
INSERT INTO SUPPLIER VALUES(AUTOGEN_KODESUPPLIER,'PT. HARUM INDAH','KETINTANG RAYA 108','HERMADIN','0317876761');
	    
--SEQUENCE ROTI
DROP SEQUENCE SEQ_ROTI;
CREATE SEQUENCE SEQ_ROTI NOCACHE START WITH 51 INCREMENT BY 1;
CREATE OR REPLACE FUNCTION AUTOGEN_ROTI
RETURN VARCHAR2 IS
  NEXTANGKA NUMBER(3);
BEGIN 
   SELECT SEQ_ROTI.NEXTVAL INTO NEXTANGKA FROM DUAL;
   RETURN NEXTANGKA;
END;
/
SHOW ERR;
INSERT INTO ROTI VALUES(AUTOGEN_ROTI,'CHEESE JOHNNY',16,13000);


--SEQUENCE PEGAWAI
CREATE OR REPLACE FUNCTION AUTOGEN_KODEPEGAWAI
(TNM VARCHAR2, TKERJAAN VARCHAR2)
RETURN VARCHAR2 IS
   DEPAN VARCHAR2(10);
   NOMOR VARCHAR2(10);
BEGIN
   DEPAN := SUBSTR(TNM,1,1) || SUBSTR(TKERJAAN,1,1);   
   SELECT MAX(SUBSTR(kodepeg,3)) into nomor from pegawai
   where substr(kodepeg,1,2)=depan;
   if nomor is null then
      return depan || '01';
   else
      return depan || lpad(to_number(nomor)+1,2,'0');
   end if;
END;
/
SHOW ERR;
/*
SELECT AUTOGEN_KODEPEGAWAI('YANG','COKI') FROM DUAL;
*/
insert into PEGAWAI values (AUTOGEN_KODEPEGAWAI(NAMAPEG,JOBPEG), 'C050', 'Kian', TO_DATE('15/10/1987','DD/MM/YYYY'), TO_DATE('06/03/2010','DD/MM/YYYY'), 'Sutaraja Timur XXXXXI', '(176) 5750465', 'F', 'KASIR');


CREATE OR REPLACE FUNCTION AUTOGEN_KODEBAHAN
(TNM VARCHAR2)
RETURN VARCHAR2 IS
   DEPAN VARCHAR2(10);
   NOMOR VARCHAR2(10);
BEGIN
   DEPAN := SUBSTR(TNM,1,1);   
   SELECT MAX(SUBSTR(kodebhn,2)) into nomor from bahan
   where substr(kodebhn,1,1)=depan;
   if nomor is null then
      return depan || '01';
   else
      return depan || lpad(to_number(nomor)+1,2,'0');
   end if;
END;
/
SHOW ERR;
/*
SELECT AUTOGEN_KODEBAHAN('BOMBI') FROM DUAL;
SELECT AUTOGEN_KODEBAHAN('ZESUATU') FROM DUAL
*/
INSERT INTO BAHAN VALUES(AUTOGEN_KODEBAHAN('TEPUNG MAEZENA'),'TEPUNG MAEZENA',10,700);

	    
--PROCEDURE
--PROCEDURE AUTOGEN PENJUAL
create or replace procedure autogenpenjualan(tgl in date,nomor out varchar2)
is
   tglformat varchar2(6);
   tno       varchar2(15);
begin
   tglformat := to_char(tgl,'yymmdd');
   select max(nonotajual) into tno from hjual
   where substr(nonotajual,1,6)=tglformat;
   if tno is null then
      nomor := tglformat || '001';
   else
      nomor := tglformat || lpad(to_number(substr(tno,7))+1,3,'0');
   end if;
end;
/
show err;



--PROCEDURE AUTOGEN PEMBELIAN					   
create or replace procedure autogenpenbelian(tgl in date,nomor out varchar2)
is
   tglformat varchar2(6);
   tno       varchar2(15);
begin
   tglformat := to_char(tgl,'yymmdd');
   select max(nonotabeli) into tno from hbeli
   where substr(nonotabeli,1,6)=tglformat;
   if tno is null then
      nomor := tglformat || '001';
   else
      nomor := tglformat || lpad(to_number(substr(tno,7))+1,3,'0');
   end if;
end;
/
show err;

set serveroutput on;
declare
   nobeli varchar2(12);
begin
   autogenpenbelian(sysdate,nobeli);
   dbms_output.put_line('No Nota beli : ' || nobeli);
   INSERT INTO HBELI VALUES(nobeli,'SP001',to_date(sysdate,'dd/mm/yyyy'),0);
end;
/					   
set serveroutput on;
declare
   nojual varchar2(12);
begin
   autogenpenjualan(sysdate,nojual);
   dbms_output.put_line('No Nota Jual : ' || nojual);
   INSERT INTO HJUAL VALUES(nojual,'C006','RK01',to_date(sysdate,'dd/mm/yyyy'),0);
end;
/
SHOW ERR;
					   
--TRIGGER
--TRIGER ROTI
CREATE OR REPLACE TRIGGER TAMBAH_STOKROTI
AFTER INSERT ON DPRODUKSI
FOR EACH ROW
DECLARE
  JUMCAB INT;
  TEMPJUM INT;
  JUMSETIAPCABANG INT;
  TGLHEADER DATE; 
  PERNAH INT;
BEGIN
  UPDATE ROTI SET STOKROTI = STOKROTI + :NEW.JUMPROD
  WHERE KODEROTI = :NEW.KODEROTI;
  SELECT COUNT(*) INTO JUMCAB FROM CABANG;
  JUMSETIAPCABANG := FLOOR(:NEW.JUMPROD/JUMCAB);
  TEMPJUM := :NEW.JUMPROD;
  SELECT TGLPROD INTO TGLHEADER FROM HPRODUKSI
  WHERE NONOTAPROD = :NEW.NONOTAPROD;
  FOR I IN (SELECT * FROM CABANG) LOOP
     SELECT COUNT(*) INTO PERNAH FROM STOKCABANG
     WHERE KODECABANG = I.KODECABANG 
        AND KODEROTI = :NEW.KODEROTI AND
        TO_CHAR(TGLSTOKCAB,'DD/MM/YYYY') = TO_CHAR(TGLHEADER,'DD/MM/YYYY');
     IF (PERNAH>0) THEN
       UPDATE STOKCABANG 
       SET JUMTERIMA = JUMTERIMA + JUMSETIAPCABANG
       WHERE KODECABANG = I.KODECABANG 
        AND KODEROTI = :NEW.KODEROTI AND
        TO_CHAR(TGLSTOKCAB,'DD/MM/YYYY') = TO_CHAR(TGLHEADER,'DD/MM/YYYY');
     ELSE
       INSERT INTO STOKCABANG VALUES(I.KODECABANG, TO_DATE(TO_CHAR(SYSDATE,'DD/MM/YYYY'),'DD-MM-YYYY'),:NEW.KODEROTI,JUMSETIAPCABANG,0);
     END IF;
     TEMPJUM := TEMPJUM-JUMSETIAPCABANG;
     IF TEMPJUM-2*JUMSETIAPCABANG<0 THEN
         JUMSETIAPCABANG :=TEMPJUM;
     END IF;
  END LOOP;
END;
/
SHOW ERR;
--COBA
INSERT INTO DPRODUKSI VALUES('PR004',5,400);

--TRIGGER TAMBAH JUMTERJUAL
CREATE OR REPLACE TRIGGER trgjual
BEFORE INSERT or UPDATE OR DELETE ON djual 
FOR EACH ROW
BEGIN
   if inserting then
     update stokcabang 
     set jumterjual = jumterjual+:new.jumjual
  where kodecabang = (select kodecabang from hjual
                      where nonotajual=:new.nonotajual) and
   koderoti  = :new.koderoti;
  update hjual set totaljual = totaljual + (:new.hargajual * :new.jumjual)
  where nonotajual = :new.nonotajual;
   elsif updating then
     update stokcabang 
     set jumterjual = jumterjual+:new.jumjual-:old.jumjual
  where kodecabang = (select kodecabang from hjual
                      where nonotajual=:new.nonotajual) and
      koderoti  = :new.koderoti;
  update hjual set totaljual = totaljual + (:new.hargajual * :new.jumjual)
                               - (:old.hargajual * :old.jumjual)
  where nonotajual = :new.nonotajual;
   elsif deleting then
     update stokcabang 
     set jumterjual = jumterjual-:old.jumjual
  where kodecabang = (select kodecabang from hjual
                      where nonotajual=:old.nonotajual) and
      koderoti  = :old.koderoti;
  update hjual set totaljual = totaljual - (:old.hargajual * :old.jumjual)
  where nonotajual = :old.nonotajual;
   end if;
END;
/
SHOW ERR;

INSERT INTO HJUAL VALUES('181208002','C005','RK01',to_date('08/12/2018','dd/mm/yyyy'),0);
INSERT INTO DJUAL VALUES('181208002',5,3,8000);
INSERT INTO HJUAL VALUES('181208003','C006','AK02',to_date('08/12/2018','dd/mm/yyyy'),0);
INSERT INTO DJUAL VALUES('181208003',4,3,5500);

--TRIGGER BELI
CREATE OR REPLACE TRIGGER trgbeli
BEFORE INSERT or UPDATE OR DELETE ON dbeli 
FOR EACH ROW
DECLARE
   hrgdb NUMBER(10);
BEGIN
   if inserting then
      update bahan set stokbhn = stokbhn + :new.jumbeli
   where kodebhn = :new.kodebhn;
   select hargabhn into hrgdb from bahan
   where kodebhn = :new.kodebhn;
   update hbeli set totalbeli = totalbeli + (:new.hargabeli * :new.jumbeli)
   where nonotabeli = :new.nonotabeli;
   if hrgdb<:new.hargabeli then
      update bahan set hargabhn = :new.hargabeli
   where kodebhn = :new.kodebhn;
   end if;
   elsif updating then
      update bahan set stokbhn = stokbhn + :new.jumbeli -:old.jumbeli
   where kodebhn = :new.kodebhn;
   select hargabhn into hrgdb from bahan
   where kodebhn = :new.kodebhn;
   update hbeli set totalbeli = totalbeli + (:new.hargabeli * :new.jumbeli)
                                          - (:old.hargabeli * :old.jumbeli)
   where nonotabeli = :new.nonotabeli;
   if hrgdb<:new.hargabeli then
      update bahan set hargabhn = :new.hargabeli
   where kodebhn = :new.kodebhn;
   end if;
   elsif deleting then
      update bahan set stokbhn = stokbhn-:old.jumbeli
   where kodebhn = :old.kodebhn;
   update hbeli set totalbeli = totalbeli - (:old.hargabeli * :old.jumbeli)
   where nonotabeli = :old.nonotabeli;
   end if;
END;
/
SHOW ERR;
INSERT INTO HBELI VALUES('101224004','SP001',to_date('24/12/2010','dd/mm/yyyy'),0);
INSERT INTO DBELI VALUES('A03',101224002,10,15000);
	    
--FUNCTION
--FUNCTION ROTI					   
CREATE OR REPLACE FUNCTION GETBIAYAROTI(KODER VARCHAR2) RETURN NUMBER IS
CURSOR CARIHARGA(KODERR VARCHAR2) 
       IS 
    SELECT SUM(HARGABHN * JUMPERLU) 
    FROM BAHAN,RESEP
       WHERE BAHAN.KODEBHN = RESEP.KODEBHN AND
             RESEP.KODEROTI = KODERR;
BIAYA NUMBER(10);    
BEGIN
   OPEN CARIHARGA(KODER);
   LOOP
      FETCH CARIHARGA INTO BIAYA;
   EXIT WHEN CARIHARGA%NOTFOUND;
   END LOOP;
   CLOSE CARIHARGA;
   RETURN BIAYA;
END;
/
SHOW ERR;

CREATE OR REPLACE VIEW DATAROTI AS
SELECT KODEROTI,NAMAROTI,GETBIAYAROTI(KODEROTI) BIAYA,HARGAROTI, (HARGAROTI-GETBIAYAROTI(KODEROTI)) UNTUNG
FROM ROTI;

SELECT * FROM DATAROTI;
											 
CREATE OR REPLACE FUNCTION GETBIAYAPROD(TGL DATE) RETURN NUMBER IS
   BIAYAPERHARI NUMBER(10);
BEGIN
   SELECT SUM(JUMPROD * GETBIAYAROTI(KODEROTI)) INTO BIAYAPERHARI 
   FROM DPRODUKSI D,HPRODUKSI H
   WHERE D.NONOTAPROD = H.NONOTAPROD AND 
   TO_CHAR(TGLPROD,'DD-MM-YYYY') = TO_CHAR(TGL,'DD-MM-YYYY');
   RETURN NVL(BIAYAPERHARI,0);
END;
/
SHOW ERR;
   
CREATE OR REPLACE FUNCTION GETPENJUALANPERHARI(TGL DATE) RETURN NUMBER IS
   TOTALJUALPERHARI NUMBER(10);
BEGIN
   SELECT SUM(JUMJUAL * HARGAJUAL) INTO TOTALJUALPERHARI 
   FROM DJUAL D,HJUAL H
   WHERE D.NONOTAJUAL = H.NONOTAJUAL AND 
   TO_CHAR(TGLJUAL,'DD-MM-YYYY') = TO_CHAR(TGL,'DD-MM-YYYY');
   RETURN NVL(TOTALJUALPERHARI,0);
END;
/
SHOW ERR;

CREATE OR REPLACE VIEW TGL_BERAKTIVITAS AS
SELECT TGLJUAL TGL FROM HJUAL
UNION 
SELECT TGLPROD TGL FROM HPRODUKSI;

CREATE OR REPLACE FUNCTION GETKETUNTUNGRUGI(bil1 int, bil2 int) RETURN VARCHAR2 IS
BEGIN
    IF bil1>bil2 then
  return 'UNTUNG';
 ELSE
     return 'RUGI';
 END IF;
END;
/

SELECT TGL,NVL(GETPENJUALANPERHARI(TGL),0) PENDAPATAN,NVL(GETBIAYAPROD(TGL),0) BIAYA,
RPAD(GETKETUNTUNGRUGI(GETPENJUALANPERHARI(TGL),GETBIAYAPROD(TGL)),10,' ') KET
FROM TGL_BERAKTIVITAS;


--INDEXING
-->INDEX NAMA PEGAWAI PADA TABEL PEGAWAI
CREATE INDEX NAMAPEG_IDX ON PEGAWAI(NAMAPEG); 

-->INDEX NOMOR TELEPON PEGAWAI PADA TABEL PEGAWAI 
--KONDISI
CREATE INDEX NOTELPPEG_IDX ON PEGAWAI(NOTELPPEG) REVERSE;

--> CEK BAHAN PRODUKSI
CREATE OR REPLACE FUNCTION CUKUPKAH_BAHAN_PRODUKSI
(kode varchar2, jum varchar2)
return varchar2 is 
   cukup VARCHAR2(5) := 'YA';
begin
   for i in (select stokbhn,jumperlu from bahan,RESEP
             where koderoti = kode and
    bahan.kodebhn = resep.kodebhn
    ) loop
      if jum*i.jumperlu>i.stokbhn then
      cukup:='TIDAK';
   end if;
   end loop;
   return cukup;
end;
/
show err;

-->CEK PRODUKSI
create or replace trigger cek_produksi
before insert on dproduksi 
for each row
begin
  if (CUKUPKAH_BAHAN_PRODUKSI(:new.koderoti,:new.jumprod)='TIDAK') THEN
     raise_application_error(-20001,'stok tidak mencukup');
  end if;
end;
/
show err;

-->CEK STOKCABANG
create or replace trigger cek_jual_cabang
before insert or update on stokcabang
for each row
begin
   if :old.jumterima < :new.jumterjual then
      raise_application_error(-20002,'stok pada cabang tidak mencukupi');
   end if;
end;
/
show err;

--SKENARIO KURANG BAHAN
INSERT INTO BAHAN VALUES(autogen_kodebahan('SIRUP KELAPA'),'SIRUP KELAPA',2,900);
INSERT INTO ROTI VALUES(AUTOGEN_ROTI,'ROTI SIRUP',10,11000);
INSERT INTO RESEP VALUES(52,'S09',5);
SELECT cukupkah_bahan_produksi('52','5') FROM DUAL;
INSERT INTO DPRODUKSI VALUES('PR003',52,100);

--SKENARIO STOKCABANG KURANG
INSERT INTO STOKCABANG VALUES('C006',to_date('09/07/2009','dd/mm/yyyy'),4,8,13);
UPDATE stokcabang SET JUMTERIMA = 7 where KODECABANG = 'C006';
